Species,drug,mic,resistance_status,ecv_status,n,clsi,ecv
Aspergillus flavus species complex,Amphotericin B,1,NA,WT,55,NA,4
Aspergillus flavus species complex,Amphotericin B,2,NA,WT,162,NA,4
Aspergillus flavus species complex,Amphotericin B,4,NA,WT,17,NA,4
Aspergillus flavus species complex,Amphotericin B,8,NA,non-WT,1,NA,4
Aspergillus flavus species complex,Amphotericin B,NA,NA,NA,1,NA,4
Aspergillus flavus species complex,Caspofungin,0.002,NA,WT,1,NA,0.5
Aspergillus flavus species complex,Caspofungin,0.004,NA,WT,7,NA,0.5
Aspergillus flavus species complex,Caspofungin,0.008,NA,WT,42,NA,0.5
Aspergillus flavus species complex,Caspofungin,0.015,NA,WT,101,NA,0.5
Aspergillus flavus species complex,Caspofungin,0.03,NA,WT,79,NA,0.5
Aspergillus flavus species complex,Caspofungin,0.06,NA,WT,6,NA,0.5
Aspergillus flavus species complex,Isavuconazole,0.12,NA,WT,1,NA,1
Aspergillus flavus species complex,Isavuconazole,0.25,NA,WT,13,NA,1
Aspergillus flavus species complex,Isavuconazole,0.5,NA,WT,59,NA,1
Aspergillus flavus species complex,Isavuconazole,1,NA,WT,47,NA,1
Aspergillus flavus species complex,Isavuconazole,2,NA,non-WT,5,NA,1
Aspergillus flavus species complex,Isavuconazole,NA,NA,NA,111,NA,1
Aspergillus flavus species complex,Itraconazole,0.12,NA,WT,1,NA,1
Aspergillus flavus species complex,Itraconazole,0.25,NA,WT,27,NA,1
Aspergillus flavus species complex,Itraconazole,0.5,NA,WT,142,NA,1
Aspergillus flavus species complex,Itraconazole,1,NA,WT,65,NA,1
Aspergillus flavus species complex,Itraconazole,NA,NA,NA,1,NA,1
Aspergillus flavus species complex,Posaconazole,0.12,NA,WT,11,NA,0.5
Aspergillus flavus species complex,Posaconazole,0.25,NA,WT,98,NA,0.5
Aspergillus flavus species complex,Posaconazole,0.5,NA,WT,123,NA,0.5
Aspergillus flavus species complex,Posaconazole,1,NA,non-WT,4,NA,0.5
Aspergillus flavus species complex,Voriconazole,0.12,NA,WT,4,NA,2
Aspergillus flavus species complex,Voriconazole,0.25,NA,WT,28,NA,2
Aspergillus flavus species complex,Voriconazole,0.5,NA,WT,123,NA,2
Aspergillus flavus species complex,Voriconazole,1,NA,WT,78,NA,2
Aspergillus flavus species complex,Voriconazole,2,NA,WT,3,NA,2
Aspergillus fumigatus,Amphotericin B,0.25,NA,WT,5,NA,2
Aspergillus fumigatus,Amphotericin B,0.5,NA,WT,44,NA,2
Aspergillus fumigatus,Amphotericin B,1,NA,WT,856,NA,2
Aspergillus fumigatus,Amphotericin B,2,NA,WT,749,NA,2
Aspergillus fumigatus,Amphotericin B,4,NA,non-WT,15,NA,2
Aspergillus fumigatus,Caspofungin,0.002,NA,WT,5,NA,0.5
Aspergillus fumigatus,Caspofungin,0.004,NA,WT,13,NA,0.5
Aspergillus fumigatus,Caspofungin,0.008,NA,WT,121,NA,0.5
Aspergillus fumigatus,Caspofungin,0.015,NA,WT,648,NA,0.5
Aspergillus fumigatus,Caspofungin,0.03,NA,WT,710,NA,0.5
Aspergillus fumigatus,Caspofungin,0.06,NA,WT,159,NA,0.5
Aspergillus fumigatus,Caspofungin,0.12,NA,WT,12,NA,0.5
Aspergillus fumigatus,Caspofungin,0.25,NA,WT,1,NA,0.5
Aspergillus fumigatus,Isavuconazole,0.12,NA,WT,3,NA,1
Aspergillus fumigatus,Isavuconazole,0.25,NA,WT,54,NA,1
Aspergillus fumigatus,Isavuconazole,0.5,NA,WT,523,NA,1
Aspergillus fumigatus,Isavuconazole,1,NA,WT,294,NA,1
Aspergillus fumigatus,Isavuconazole,2,NA,non-WT,40,NA,1
Aspergillus fumigatus,Isavuconazole,4,NA,non-WT,14,NA,1
Aspergillus fumigatus,Isavuconazole,8,NA,non-WT,7,NA,1
Aspergillus fumigatus,Isavuconazole,16,NA,non-WT,5,NA,1
Aspergillus fumigatus,Isavuconazole,NA,NA,NA,729,NA,1
Aspergillus fumigatus,Itraconazole,0.25,NA,WT,69,NA,1
Aspergillus fumigatus,Itraconazole,0.5,NA,WT,737,NA,1
Aspergillus fumigatus,Itraconazole,1,NA,WT,786,NA,1
Aspergillus fumigatus,Itraconazole,2,NA,non-WT,45,NA,1
Aspergillus fumigatus,Itraconazole,4,NA,non-WT,15,NA,1
Aspergillus fumigatus,Itraconazole,8,NA,non-WT,6,NA,1
Aspergillus fumigatus,Itraconazole,16,NA,non-WT,10,NA,1
Aspergillus fumigatus,Itraconazole,NA,NA,NA,1,NA,1
Aspergillus fumigatus,Voriconazole,0.06,Sensitive,WT,1,Sensitive: ≤ 0.5 <br>Intermediate: 1 <br>Resistant: ≥ 2,1
Aspergillus fumigatus,Voriconazole,0.12,Sensitive,WT,28,Sensitive: ≤ 0.5 <br>Intermediate: 1 <br>Resistant: ≥ 2,1
Aspergillus fumigatus,Voriconazole,0.25,Sensitive,WT,705,Sensitive: ≤ 0.5 <br>Intermediate: 1 <br>Resistant: ≥ 2,1
Aspergillus fumigatus,Voriconazole,0.5,Sensitive,WT,829,Sensitive: ≤ 0.5 <br>Intermediate: 1 <br>Resistant: ≥ 2,1
Aspergillus fumigatus,Voriconazole,1,Intermediate,WT,73,Sensitive: ≤ 0.5 <br>Intermediate: 1 <br>Resistant: ≥ 2,1
Aspergillus fumigatus,Voriconazole,2,Resistant,non-WT,22,Sensitive: ≤ 0.5 <br>Intermediate: 1 <br>Resistant: ≥ 2,1
Aspergillus fumigatus,Voriconazole,4,Resistant,non-WT,4,Sensitive: ≤ 0.5 <br>Intermediate: 1 <br>Resistant: ≥ 2,1
Aspergillus fumigatus,Voriconazole,8,Resistant,non-WT,2,Sensitive: ≤ 0.5 <br>Intermediate: 1 <br>Resistant: ≥ 2,1
Aspergillus fumigatus,Voriconazole,16,Resistant,non-WT,4,Sensitive: ≤ 0.5 <br>Intermediate: 1 <br>Resistant: ≥ 2,1
Aspergillus fumigatus,Voriconazole,NA,NA,NA,1,Sensitive: ≤ 0.5 <br>Intermediate: 1 <br>Resistant: ≥ 2,1
Aspergillus niger species complex,Amphotericin B,0.12,NA,WT,1,NA,2
Aspergillus niger species complex,Amphotericin B,0.25,NA,WT,30,NA,2
Aspergillus niger species complex,Amphotericin B,0.5,NA,WT,101,NA,2
Aspergillus niger species complex,Amphotericin B,1,NA,WT,107,NA,2
Aspergillus niger species complex,Amphotericin B,2,NA,WT,8,NA,2
Aspergillus niger species complex,Caspofungin,0.004,NA,WT,1,NA,0.25
Aspergillus niger species complex,Caspofungin,0.008,NA,WT,38,NA,0.25
Aspergillus niger species complex,Caspofungin,0.015,NA,WT,113,NA,0.25
Aspergillus niger species complex,Caspofungin,0.03,NA,WT,75,NA,0.25
Aspergillus niger species complex,Caspofungin,0.06,NA,WT,17,NA,0.25
Aspergillus niger species complex,Caspofungin,0.12,NA,WT,2,NA,0.25
Aspergillus niger species complex,Caspofungin,NA,NA,NA,1,NA,0.25
Aspergillus niger species complex,Isavuconazole,0.06,NA,WT,1,NA,4
Aspergillus niger species complex,Isavuconazole,0.5,NA,WT,9,NA,4
Aspergillus niger species complex,Isavuconazole,1,NA,WT,54,NA,4
Aspergillus niger species complex,Isavuconazole,2,NA,WT,43,NA,4
Aspergillus niger species complex,Isavuconazole,4,NA,WT,30,NA,4
Aspergillus niger species complex,Isavuconazole,8,NA,non-WT,4,NA,4
Aspergillus niger species complex,Isavuconazole,16,NA,non-WT,2,NA,4
Aspergillus niger species complex,Isavuconazole,NA,NA,NA,104,NA,4
Aspergillus niger species complex,Itraconazole,0.12,NA,WT,3,NA,4
Aspergillus niger species complex,Itraconazole,0.25,NA,WT,9,NA,4
Aspergillus niger species complex,Itraconazole,0.5,NA,WT,12,NA,4
Aspergillus niger species complex,Itraconazole,1,NA,WT,96,NA,4
Aspergillus niger species complex,Itraconazole,2,NA,WT,93,NA,4
Aspergillus niger species complex,Itraconazole,4,NA,WT,22,NA,4
Aspergillus niger species complex,Itraconazole,8,NA,non-WT,6,NA,4
Aspergillus niger species complex,Itraconazole,16,NA,non-WT,4,NA,4
Aspergillus niger species complex,Itraconazole,NA,NA,NA,2,NA,4
Aspergillus niger species complex,Posaconazole,0.06,NA,WT,3,NA,2
Aspergillus niger species complex,Posaconazole,0.12,NA,WT,8,NA,2
Aspergillus niger species complex,Posaconazole,0.25,NA,WT,19,NA,2
Aspergillus niger species complex,Posaconazole,0.5,NA,WT,167,NA,2
Aspergillus niger species complex,Posaconazole,1,NA,WT,49,NA,2
Aspergillus niger species complex,Posaconazole,NA,NA,NA,1,NA,2
Aspergillus niger species complex,Voriconazole,0.03,NA,WT,2,NA,2
Aspergillus niger species complex,Voriconazole,0.06,NA,WT,4,NA,2
Aspergillus niger species complex,Voriconazole,0.12,NA,WT,6,NA,2
Aspergillus niger species complex,Voriconazole,0.25,NA,WT,7,NA,2
Aspergillus niger species complex,Voriconazole,0.5,NA,WT,92,NA,2
Aspergillus niger species complex,Voriconazole,1,NA,WT,98,NA,2
Aspergillus niger species complex,Voriconazole,2,NA,WT,35,NA,2
Aspergillus niger species complex,Voriconazole,4,NA,non-WT,2,NA,2
Aspergillus niger species complex,Voriconazole,NA,NA,NA,1,NA,2
Aspergillus terreus species complex,Amphotericin B,0.5,NA,WT,1,NA,4
Aspergillus terreus species complex,Amphotericin B,1,NA,WT,18,NA,4
Aspergillus terreus species complex,Amphotericin B,2,NA,WT,64,NA,4
Aspergillus terreus species complex,Amphotericin B,4,NA,WT,11,NA,4
Aspergillus terreus species complex,Caspofungin,0.004,NA,WT,3,NA,0.12
Aspergillus terreus species complex,Caspofungin,0.008,NA,WT,17,NA,0.12
Aspergillus terreus species complex,Caspofungin,0.015,NA,WT,37,NA,0.12
Aspergillus terreus species complex,Caspofungin,0.03,NA,WT,28,NA,0.12
Aspergillus terreus species complex,Caspofungin,0.06,NA,WT,7,NA,0.12
Aspergillus terreus species complex,Caspofungin,0.12,NA,WT,1,NA,0.12
Aspergillus terreus species complex,Caspofungin,0.25,NA,non-WT,1,NA,0.12
Aspergillus terreus species complex,Isavuconazole,0.06,NA,WT,1,NA,1
Aspergillus terreus species complex,Isavuconazole,0.12,NA,WT,10,NA,1
Aspergillus terreus species complex,Isavuconazole,0.25,NA,WT,14,NA,1
Aspergillus terreus species complex,Isavuconazole,0.5,NA,WT,29,NA,1
Aspergillus terreus species complex,Isavuconazole,1,NA,WT,2,NA,1
Aspergillus terreus species complex,Isavuconazole,2,NA,non-WT,1,NA,1
Aspergillus terreus species complex,Isavuconazole,NA,NA,NA,37,NA,1
Aspergillus terreus species complex,Itraconazole,0.12,NA,WT,2,NA,2
Aspergillus terreus species complex,Itraconazole,0.25,NA,WT,18,NA,2
Aspergillus terreus species complex,Itraconazole,0.5,NA,WT,59,NA,2
Aspergillus terreus species complex,Itraconazole,1,NA,WT,15,NA,2
Aspergillus terreus species complex,Posaconazole,0.12,NA,WT,13,NA,1
Aspergillus terreus species complex,Posaconazole,0.25,NA,WT,63,NA,1
Aspergillus terreus species complex,Posaconazole,0.5,NA,WT,17,NA,1
Aspergillus terreus species complex,Posaconazole,1,NA,WT,1,NA,1
Aspergillus terreus species complex,Voriconazole,0.06,NA,WT,2,NA,2
Aspergillus terreus species complex,Voriconazole,0.12,NA,WT,8,NA,2
Aspergillus terreus species complex,Voriconazole,0.25,NA,WT,33,NA,2
Aspergillus terreus species complex,Voriconazole,0.5,NA,WT,48,NA,2
Aspergillus terreus species complex,Voriconazole,1,NA,WT,2,NA,2
Aspergillus terreus species complex,Voriconazole,2,NA,WT,1,NA,2
Aspergillus versicolor species complex,Amphotericin B,1,NA,WT,3,NA,2
Aspergillus versicolor species complex,Amphotericin B,2,NA,WT,10,NA,2
Candida albicans,Amphotericin B,0.06,NA,WT,1,NA,2
Candida albicans,Amphotericin B,0.12,NA,WT,8,NA,2
Candida albicans,Amphotericin B,0.25,NA,WT,568,NA,2
Candida albicans,Amphotericin B,0.5,NA,WT,3845,NA,2
Candida albicans,Amphotericin B,1,NA,WT,3713,NA,2
Candida albicans,Amphotericin B,2,NA,WT,21,NA,2
Candida albicans,Amphotericin B,NA,NA,NA,3,NA,2
Candida albicans,Anidulafungin,0.002,Sensitive,WT,57,Sensitive: ≤ 0.25 <br>Intermediate: 0.5 <br>Resistant: ≥ 1,0.12
Candida albicans,Anidulafungin,0.004,Sensitive,WT,217,Sensitive: ≤ 0.25 <br>Intermediate: 0.5 <br>Resistant: ≥ 1,0.12
Candida albicans,Anidulafungin,0.008,Sensitive,WT,1581,Sensitive: ≤ 0.25 <br>Intermediate: 0.5 <br>Resistant: ≥ 1,0.12
Candida albicans,Anidulafungin,0.015,Sensitive,WT,2701,Sensitive: ≤ 0.25 <br>Intermediate: 0.5 <br>Resistant: ≥ 1,0.12
Candida albicans,Anidulafungin,0.03,Sensitive,WT,2357,Sensitive: ≤ 0.25 <br>Intermediate: 0.5 <br>Resistant: ≥ 1,0.12
Candida albicans,Anidulafungin,0.06,Sensitive,WT,1052,Sensitive: ≤ 0.25 <br>Intermediate: 0.5 <br>Resistant: ≥ 1,0.12
Candida albicans,Anidulafungin,0.12,Sensitive,WT,174,Sensitive: ≤ 0.25 <br>Intermediate: 0.5 <br>Resistant: ≥ 1,0.12
Candida albicans,Anidulafungin,0.25,Sensitive,non-WT,11,Sensitive: ≤ 0.25 <br>Intermediate: 0.5 <br>Resistant: ≥ 1,0.12
Candida albicans,Anidulafungin,0.5,Intermediate,non-WT,6,Sensitive: ≤ 0.25 <br>Intermediate: 0.5 <br>Resistant: ≥ 1,0.12
Candida albicans,Anidulafungin,1,Resistant,non-WT,3,Sensitive: ≤ 0.25 <br>Intermediate: 0.5 <br>Resistant: ≥ 1,0.12
Candida albicans,Caspofungin,0.002,Sensitive,NA,23,Sensitive: ≤ 0.25 <br>Intermediate: 0.5 <br>Resistant: ≥ 1,NA
Candida albicans,Caspofungin,0.004,Sensitive,NA,50,Sensitive: ≤ 0.25 <br>Intermediate: 0.5 <br>Resistant: ≥ 1,NA
Candida albicans,Caspofungin,0.008,Sensitive,NA,910,Sensitive: ≤ 0.25 <br>Intermediate: 0.5 <br>Resistant: ≥ 1,NA
Candida albicans,Caspofungin,0.015,Sensitive,NA,3357,Sensitive: ≤ 0.25 <br>Intermediate: 0.5 <br>Resistant: ≥ 1,NA
Candida albicans,Caspofungin,0.03,Sensitive,NA,2868,Sensitive: ≤ 0.25 <br>Intermediate: 0.5 <br>Resistant: ≥ 1,NA
Candida albicans,Caspofungin,0.06,Sensitive,NA,756,Sensitive: ≤ 0.25 <br>Intermediate: 0.5 <br>Resistant: ≥ 1,NA
Candida albicans,Caspofungin,0.12,Sensitive,NA,166,Sensitive: ≤ 0.25 <br>Intermediate: 0.5 <br>Resistant: ≥ 1,NA
Candida albicans,Caspofungin,0.25,Sensitive,NA,14,Sensitive: ≤ 0.25 <br>Intermediate: 0.5 <br>Resistant: ≥ 1,NA
Candida albicans,Caspofungin,0.5,Intermediate,NA,5,Sensitive: ≤ 0.25 <br>Intermediate: 0.5 <br>Resistant: ≥ 1,NA
Candida albicans,Caspofungin,1,Resistant,NA,7,Sensitive: ≤ 0.25 <br>Intermediate: 0.5 <br>Resistant: ≥ 1,NA
Candida albicans,Caspofungin,2,Resistant,NA,2,Sensitive: ≤ 0.25 <br>Intermediate: 0.5 <br>Resistant: ≥ 1,NA
Candida albicans,Caspofungin,4,Resistant,NA,1,Sensitive: ≤ 0.25 <br>Intermediate: 0.5 <br>Resistant: ≥ 1,NA
Candida albicans,Fluconazole,0.008,Sensitive,WT,3,Sensitive: ≤ 2 <br>SDD: 4 <br>Resistant: ≥ 8,0.5
Candida albicans,Fluconazole,0.015,Sensitive,WT,18,Sensitive: ≤ 2 <br>SDD: 4 <br>Resistant: ≥ 8,0.5
Candida albicans,Fluconazole,0.03,Sensitive,WT,21,Sensitive: ≤ 2 <br>SDD: 4 <br>Resistant: ≥ 8,0.5
Candida albicans,Fluconazole,0.06,Sensitive,WT,668,Sensitive: ≤ 2 <br>SDD: 4 <br>Resistant: ≥ 8,0.5
Candida albicans,Fluconazole,0.12,Sensitive,WT,4695,Sensitive: ≤ 2 <br>SDD: 4 <br>Resistant: ≥ 8,0.5
Candida albicans,Fluconazole,0.25,Sensitive,WT,2250,Sensitive: ≤ 2 <br>SDD: 4 <br>Resistant: ≥ 8,0.5
Candida albicans,Fluconazole,0.5,Sensitive,WT,374,Sensitive: ≤ 2 <br>SDD: 4 <br>Resistant: ≥ 8,0.5
Candida albicans,Fluconazole,1,Sensitive,non-WT,74,Sensitive: ≤ 2 <br>SDD: 4 <br>Resistant: ≥ 8,0.5
Candida albicans,Fluconazole,2,Sensitive,non-WT,21,Sensitive: ≤ 2 <br>SDD: 4 <br>Resistant: ≥ 8,0.5
Candida albicans,Fluconazole,4,SDD,non-WT,10,Sensitive: ≤ 2 <br>SDD: 4 <br>Resistant: ≥ 8,0.5
Candida albicans,Fluconazole,8,Resistant,non-WT,8,Sensitive: ≤ 2 <br>SDD: 4 <br>Resistant: ≥ 8,0.5
Candida albicans,Fluconazole,16,Resistant,non-WT,6,Sensitive: ≤ 2 <br>SDD: 4 <br>Resistant: ≥ 8,0.5
Candida albicans,Fluconazole,32,Resistant,non-WT,2,Sensitive: ≤ 2 <br>SDD: 4 <br>Resistant: ≥ 8,0.5
Candida albicans,Fluconazole,64,Resistant,non-WT,1,Sensitive: ≤ 2 <br>SDD: 4 <br>Resistant: ≥ 8,0.5
Candida albicans,Fluconazole,256,Resistant,non-WT,8,Sensitive: ≤ 2 <br>SDD: 4 <br>Resistant: ≥ 8,0.5
Candida albicans,Micafungin,0.002,Sensitive,WT,1,Sensitive: ≤ 0.25 <br>Intermediate: 0.5 <br>Resistant: ≥ 1,0.03
Candida albicans,Micafungin,0.004,Sensitive,WT,71,Sensitive: ≤ 0.25 <br>Intermediate: 0.5 <br>Resistant: ≥ 1,0.03
Candida albicans,Micafungin,0.008,Sensitive,WT,1891,Sensitive: ≤ 0.25 <br>Intermediate: 0.5 <br>Resistant: ≥ 1,0.03
Candida albicans,Micafungin,0.015,Sensitive,WT,4133,Sensitive: ≤ 0.25 <br>Intermediate: 0.5 <br>Resistant: ≥ 1,0.03
Candida albicans,Micafungin,0.03,Sensitive,WT,1933,Sensitive: ≤ 0.25 <br>Intermediate: 0.5 <br>Resistant: ≥ 1,0.03
Candida albicans,Micafungin,0.06,Sensitive,non-WT,98,Sensitive: ≤ 0.25 <br>Intermediate: 0.5 <br>Resistant: ≥ 1,0.03
Candida albicans,Micafungin,0.12,Sensitive,non-WT,15,Sensitive: ≤ 0.25 <br>Intermediate: 0.5 <br>Resistant: ≥ 1,0.03
Candida albicans,Micafungin,0.25,Sensitive,non-WT,4,Sensitive: ≤ 0.25 <br>Intermediate: 0.5 <br>Resistant: ≥ 1,0.03
Candida albicans,Micafungin,0.5,Intermediate,non-WT,4,Sensitive: ≤ 0.25 <br>Intermediate: 0.5 <br>Resistant: ≥ 1,0.03
Candida albicans,Micafungin,1,Resistant,non-WT,6,Sensitive: ≤ 0.25 <br>Intermediate: 0.5 <br>Resistant: ≥ 1,0.03
Candida albicans,Micafungin,2,Resistant,non-WT,3,Sensitive: ≤ 0.25 <br>Intermediate: 0.5 <br>Resistant: ≥ 1,0.03
Candida albicans,Posaconazole,0.002,NA,WT,3,NA,0.06
Candida albicans,Posaconazole,0.004,NA,WT,32,NA,0.06
Candida albicans,Posaconazole,0.008,NA,WT,220,NA,0.06
Candida albicans,Posaconazole,0.015,NA,WT,1651,NA,0.06
Candida albicans,Posaconazole,0.03,NA,WT,3972,NA,0.06
Candida albicans,Posaconazole,0.06,NA,WT,1975,NA,0.06
Candida albicans,Posaconazole,0.12,NA,non-WT,264,NA,0.06
Candida albicans,Posaconazole,0.25,NA,non-WT,29,NA,0.06
Candida albicans,Posaconazole,0.5,NA,non-WT,5,NA,0.06
Candida albicans,Posaconazole,8,NA,non-WT,1,NA,0.06
Candida albicans,Posaconazole,16,NA,non-WT,7,NA,0.06
Candida albicans,Voriconazole,0.002,Sensitive,WT,346,Sensitive: ≤ 0.12  <br>Intermediate: 0.25–0.5 <br>Resistant: ≥ 1,0.03
Candida albicans,Voriconazole,0.004,Sensitive,WT,1243,Sensitive: ≤ 0.12  <br>Intermediate: 0.25–0.5 <br>Resistant: ≥ 1,0.03
Candida albicans,Voriconazole,0.008,Sensitive,WT,5346,Sensitive: ≤ 0.12  <br>Intermediate: 0.25–0.5 <br>Resistant: ≥ 1,0.03
Candida albicans,Voriconazole,0.015,Sensitive,WT,960,Sensitive: ≤ 0.12  <br>Intermediate: 0.25–0.5 <br>Resistant: ≥ 1,0.03
Candida albicans,Voriconazole,0.03,Sensitive,WT,197,Sensitive: ≤ 0.12  <br>Intermediate: 0.25–0.5 <br>Resistant: ≥ 1,0.03
Candida albicans,Voriconazole,0.06,Sensitive,non-WT,33,Sensitive: ≤ 0.12  <br>Intermediate: 0.25–0.5 <br>Resistant: ≥ 1,0.03
Candida albicans,Voriconazole,0.12,Sensitive,non-WT,16,Sensitive: ≤ 0.12  <br>Intermediate: 0.25–0.5 <br>Resistant: ≥ 1,0.03
Candida albicans,Voriconazole,0.25,NA,non-WT,2,Sensitive: ≤ 0.12  <br>Intermediate: 0.25–0.5 <br>Resistant: ≥ 1,0.03
Candida albicans,Voriconazole,0.5,Intermediate,non-WT,6,Sensitive: ≤ 0.12  <br>Intermediate: 0.25–0.5 <br>Resistant: ≥ 1,0.03
Candida albicans,Voriconazole,1,Resistant,non-WT,2,Sensitive: ≤ 0.12  <br>Intermediate: 0.25–0.5 <br>Resistant: ≥ 1,0.03
Candida albicans,Voriconazole,8,Resistant,non-WT,1,Sensitive: ≤ 0.12  <br>Intermediate: 0.25–0.5 <br>Resistant: ≥ 1,0.03
Candida albicans,Voriconazole,16,Resistant,non-WT,7,Sensitive: ≤ 0.12  <br>Intermediate: 0.25–0.5 <br>Resistant: ≥ 1,0.03
Candida auris,Anidulafungin,0.06,NA,WT,1,NA,1
Candida auris,Anidulafungin,0.12,NA,WT,1,NA,1
Candida auris,Anidulafungin,0.25,NA,WT,10,NA,1
Candida auris,Anidulafungin,0.5,NA,WT,7,NA,1
Candida auris,Caspofungin,0.03,NA,WT,1,NA,0.5
Candida auris,Caspofungin,0.06,NA,WT,7,NA,0.5
Candida auris,Caspofungin,0.12,NA,WT,8,NA,0.5
Candida auris,Caspofungin,0.25,NA,WT,3,NA,0.5
Candida auris,Micafungin,0.06,NA,WT,1,NA,0.5
Candida auris,Micafungin,0.12,NA,WT,9,NA,0.5
Candida auris,Micafungin,0.25,NA,WT,9,NA,0.5
Candida dubliniensis,Amphotericin B,0.06,NA,WT,6,NA,0.5
Candida dubliniensis,Amphotericin B,0.12,NA,WT,28,NA,0.5
Candida dubliniensis,Amphotericin B,0.25,NA,WT,151,NA,0.5
Candida dubliniensis,Amphotericin B,0.5,NA,WT,172,NA,0.5
Candida dubliniensis,Amphotericin B,1,NA,non-WT,46,NA,0.5
Candida dubliniensis,Anidulafungin,0.004,NA,WT,1,NA,0.12
Candida dubliniensis,Anidulafungin,0.008,NA,WT,5,NA,0.12
Candida dubliniensis,Anidulafungin,0.015,NA,WT,35,NA,0.12
Candida dubliniensis,Anidulafungin,0.03,NA,WT,164,NA,0.12
Candida dubliniensis,Anidulafungin,0.06,NA,WT,137,NA,0.12
Candida dubliniensis,Anidulafungin,0.12,NA,WT,56,NA,0.12
Candida dubliniensis,Anidulafungin,0.25,NA,non-WT,3,NA,0.12
Candida dubliniensis,Anidulafungin,0.5,NA,non-WT,1,NA,0.12
Candida dubliniensis,Anidulafungin,2,NA,non-WT,1,NA,0.12
Candida dubliniensis,Fluconazole,0.03,NA,WT,1,NA,0.5
Candida dubliniensis,Fluconazole,0.06,NA,WT,60,NA,0.5
Candida dubliniensis,Fluconazole,0.12,NA,WT,221,NA,0.5
Candida dubliniensis,Fluconazole,0.25,NA,WT,107,NA,0.5
Candida dubliniensis,Fluconazole,0.5,NA,WT,6,NA,0.5
Candida dubliniensis,Fluconazole,1,NA,non-WT,2,NA,0.5
Candida dubliniensis,Fluconazole,2,NA,non-WT,1,NA,0.5
Candida dubliniensis,Fluconazole,8,NA,non-WT,1,NA,0.5
Candida dubliniensis,Fluconazole,16,NA,non-WT,2,NA,0.5
Candida dubliniensis,Fluconazole,32,NA,non-WT,1,NA,0.5
Candida dubliniensis,Fluconazole,64,NA,non-WT,1,NA,0.5
Candida dubliniensis,Itraconazole,0.008,NA,WT,3,NA,0.25
Candida dubliniensis,Itraconazole,0.015,NA,WT,14,NA,0.25
Candida dubliniensis,Itraconazole,0.03,NA,WT,83,NA,0.25
Candida dubliniensis,Itraconazole,0.06,NA,WT,127,NA,0.25
Candida dubliniensis,Itraconazole,0.12,NA,WT,58,NA,0.25
Candida dubliniensis,Itraconazole,0.25,NA,WT,14,NA,0.25
Candida dubliniensis,Itraconazole,0.5,NA,non-WT,5,NA,0.25
Candida dubliniensis,Itraconazole,NA,NA,NA,99,NA,0.25
Candida dubliniensis,Micafungin,0.008,NA,WT,23,NA,0.12
Candida dubliniensis,Micafungin,0.015,NA,WT,158,NA,0.12
Candida dubliniensis,Micafungin,0.03,NA,WT,182,NA,0.12
Candida dubliniensis,Micafungin,0.06,NA,WT,30,NA,0.12
Candida dubliniensis,Micafungin,0.12,NA,WT,7,NA,0.12
Candida dubliniensis,Micafungin,0.25,NA,non-WT,1,NA,0.12
Candida dubliniensis,Micafungin,1,NA,non-WT,2,NA,0.12
Candida dubliniensis,Posaconazole,0.008,NA,WT,5,NA,0.12
Candida dubliniensis,Posaconazole,0.015,NA,WT,42,NA,0.12
Candida dubliniensis,Posaconazole,0.03,NA,WT,225,NA,0.12
Candida dubliniensis,Posaconazole,0.06,NA,WT,106,NA,0.12
Candida dubliniensis,Posaconazole,0.12,NA,WT,21,NA,0.12
Candida dubliniensis,Posaconazole,0.25,NA,non-WT,3,NA,0.12
Candida dubliniensis,Posaconazole,0.5,NA,non-WT,1,NA,0.12
Candida glabrata,Amphotericin B,0.12,NA,WT,3,NA,2
Candida glabrata,Amphotericin B,0.25,NA,WT,44,NA,2
Candida glabrata,Amphotericin B,0.5,NA,WT,729,NA,2
Candida glabrata,Amphotericin B,1,NA,WT,2525,NA,2
Candida glabrata,Amphotericin B,2,NA,WT,94,NA,2
Candida glabrata,Anidulafungin,0.002,Sensitive,WT,6,Sensitive: ≤ 0.12 <br>Intermediate: 0.25 <br>Resistant: ≥ 0.5,0.25
Candida glabrata,Anidulafungin,0.004,Sensitive,WT,6,Sensitive: ≤ 0.12 <br>Intermediate: 0.25 <br>Resistant: ≥ 0.5,0.25
Candida glabrata,Anidulafungin,0.008,Sensitive,WT,18,Sensitive: ≤ 0.12 <br>Intermediate: 0.25 <br>Resistant: ≥ 0.5,0.25
Candida glabrata,Anidulafungin,0.015,Sensitive,WT,93,Sensitive: ≤ 0.12 <br>Intermediate: 0.25 <br>Resistant: ≥ 0.5,0.25
Candida glabrata,Anidulafungin,0.03,Sensitive,WT,486,Sensitive: ≤ 0.12 <br>Intermediate: 0.25 <br>Resistant: ≥ 0.5,0.25
Candida glabrata,Anidulafungin,0.06,Sensitive,WT,1753,Sensitive: ≤ 0.12 <br>Intermediate: 0.25 <br>Resistant: ≥ 0.5,0.25
Candida glabrata,Anidulafungin,0.12,Sensitive,WT,895,Sensitive: ≤ 0.12 <br>Intermediate: 0.25 <br>Resistant: ≥ 0.5,0.25
Candida glabrata,Anidulafungin,0.25,Intermediate,WT,67,Sensitive: ≤ 0.12 <br>Intermediate: 0.25 <br>Resistant: ≥ 0.5,0.25
Candida glabrata,Anidulafungin,0.5,Resistant,non-WT,13,Sensitive: ≤ 0.12 <br>Intermediate: 0.25 <br>Resistant: ≥ 0.5,0.25
Candida glabrata,Anidulafungin,1,Resistant,non-WT,25,Sensitive: ≤ 0.12 <br>Intermediate: 0.25 <br>Resistant: ≥ 0.5,0.25
Candida glabrata,Anidulafungin,2,Resistant,non-WT,25,Sensitive: ≤ 0.12 <br>Intermediate: 0.25 <br>Resistant: ≥ 0.5,0.25
Candida glabrata,Anidulafungin,4,Resistant,non-WT,8,Sensitive: ≤ 0.12 <br>Intermediate: 0.25 <br>Resistant: ≥ 0.5,0.25
Candida glabrata,Caspofungin,0.002,Sensitive,NA,1,Sensitive: ≤ 0.12 <br>Intermediate: 0.25 <br>Resistant: ≥ 0.5,NA
Candida glabrata,Caspofungin,0.004,Sensitive,NA,4,Sensitive: ≤ 0.12 <br>Intermediate: 0.25 <br>Resistant: ≥ 0.5,NA
Candida glabrata,Caspofungin,0.008,Sensitive,NA,21,Sensitive: ≤ 0.12 <br>Intermediate: 0.25 <br>Resistant: ≥ 0.5,NA
Candida glabrata,Caspofungin,0.015,Sensitive,NA,376,Sensitive: ≤ 0.12 <br>Intermediate: 0.25 <br>Resistant: ≥ 0.5,NA
Candida glabrata,Caspofungin,0.03,Sensitive,NA,1906,Sensitive: ≤ 0.12 <br>Intermediate: 0.25 <br>Resistant: ≥ 0.5,NA
Candida glabrata,Caspofungin,0.06,Sensitive,NA,833,Sensitive: ≤ 0.12 <br>Intermediate: 0.25 <br>Resistant: ≥ 0.5,NA
Candida glabrata,Caspofungin,0.12,Sensitive,NA,160,Sensitive: ≤ 0.12 <br>Intermediate: 0.25 <br>Resistant: ≥ 0.5,NA
Candida glabrata,Caspofungin,0.25,Intermediate,NA,33,Sensitive: ≤ 0.12 <br>Intermediate: 0.25 <br>Resistant: ≥ 0.5,NA
Candida glabrata,Caspofungin,0.5,Resistant,NA,20,Sensitive: ≤ 0.12 <br>Intermediate: 0.25 <br>Resistant: ≥ 0.5,NA
Candida glabrata,Caspofungin,1,Resistant,NA,19,Sensitive: ≤ 0.12 <br>Intermediate: 0.25 <br>Resistant: ≥ 0.5,NA
Candida glabrata,Caspofungin,2,Resistant,NA,9,Sensitive: ≤ 0.12 <br>Intermediate: 0.25 <br>Resistant: ≥ 0.5,NA
Candida glabrata,Caspofungin,4,Resistant,NA,6,Sensitive: ≤ 0.12 <br>Intermediate: 0.25 <br>Resistant: ≥ 0.5,NA
Candida glabrata,Caspofungin,8,Resistant,NA,4,Sensitive: ≤ 0.12 <br>Intermediate: 0.25 <br>Resistant: ≥ 0.5,NA
Candida glabrata,Caspofungin,16,Resistant,NA,3,Sensitive: ≤ 0.12 <br>Intermediate: 0.25 <br>Resistant: ≥ 0.5,NA
Candida glabrata,Fluconazole,0.06,SDD,WT,1,SDD: ≤ 32 <br>Resistant: ≥ 64,8
Candida glabrata,Fluconazole,0.12,SDD,WT,4,SDD: ≤ 32 <br>Resistant: ≥ 64,8
Candida glabrata,Fluconazole,0.25,SDD,WT,7,SDD: ≤ 32 <br>Resistant: ≥ 64,8
Candida glabrata,Fluconazole,0.5,SDD,WT,24,SDD: ≤ 32 <br>Resistant: ≥ 64,8
Candida glabrata,Fluconazole,1,SDD,WT,112,SDD: ≤ 32 <br>Resistant: ≥ 64,8
Candida glabrata,Fluconazole,2,SDD,WT,805,SDD: ≤ 32 <br>Resistant: ≥ 64,8
Candida glabrata,Fluconazole,4,SDD,WT,1162,SDD: ≤ 32 <br>Resistant: ≥ 64,8
Candida glabrata,Fluconazole,8,SDD,WT,755,SDD: ≤ 32 <br>Resistant: ≥ 64,8
Candida glabrata,Fluconazole,16,SDD,non-WT,212,SDD: ≤ 32 <br>Resistant: ≥ 64,8
Candida glabrata,Fluconazole,32,SDD,non-WT,75,SDD: ≤ 32 <br>Resistant: ≥ 64,8
Candida glabrata,Fluconazole,64,Resistant,non-WT,125,SDD: ≤ 32 <br>Resistant: ≥ 64,8
Candida glabrata,Fluconazole,128,Resistant,non-WT,99,SDD: ≤ 32 <br>Resistant: ≥ 64,8
Candida glabrata,Fluconazole,256,Resistant,non-WT,14,SDD: ≤ 32 <br>Resistant: ≥ 64,8
Candida glabrata,Itraconazole,0.004,NA,WT,1,NA,4
Candida glabrata,Itraconazole,0.015,NA,WT,1,NA,4
Candida glabrata,Itraconazole,0.03,NA,WT,1,NA,4
Candida glabrata,Itraconazole,0.06,NA,WT,7,NA,4
Candida glabrata,Itraconazole,0.12,NA,WT,28,NA,4
Candida glabrata,Itraconazole,0.25,NA,WT,288,NA,4
Candida glabrata,Itraconazole,0.5,NA,WT,1186,NA,4
Candida glabrata,Itraconazole,1,NA,WT,832,NA,4
Candida glabrata,Itraconazole,2,NA,WT,141,NA,4
Candida glabrata,Itraconazole,4,NA,WT,58,NA,4
Candida glabrata,Itraconazole,8,NA,non-WT,27,NA,4
Candida glabrata,Itraconazole,16,NA,non-WT,30,NA,4
Candida glabrata,Itraconazole,NA,NA,NA,795,NA,4
Candida glabrata,Micafungin,0.004,Sensitive,WT,3,Sensitive: ≤ 0.06 <br>Intermediate: 0.12 <br>Resistant: ≥ 0.25,0.03
Candida glabrata,Micafungin,0.008,Sensitive,WT,483,Sensitive: ≤ 0.06 <br>Intermediate: 0.12 <br>Resistant: ≥ 0.25,0.03
Candida glabrata,Micafungin,0.015,Sensitive,WT,2209,Sensitive: ≤ 0.06 <br>Intermediate: 0.12 <br>Resistant: ≥ 0.25,0.03
Candida glabrata,Micafungin,0.03,Sensitive,WT,580,Sensitive: ≤ 0.06 <br>Intermediate: 0.12 <br>Resistant: ≥ 0.25,0.03
Candida glabrata,Micafungin,0.06,Sensitive,non-WT,44,Sensitive: ≤ 0.06 <br>Intermediate: 0.12 <br>Resistant: ≥ 0.25,0.03
Candida glabrata,Micafungin,0.12,Intermediate,non-WT,16,Sensitive: ≤ 0.06 <br>Intermediate: 0.12 <br>Resistant: ≥ 0.25,0.03
Candida glabrata,Micafungin,0.25,Resistant,non-WT,15,Sensitive: ≤ 0.06 <br>Intermediate: 0.12 <br>Resistant: ≥ 0.25,0.03
Candida glabrata,Micafungin,0.5,Resistant,non-WT,17,Sensitive: ≤ 0.06 <br>Intermediate: 0.12 <br>Resistant: ≥ 0.25,0.03
Candida glabrata,Micafungin,1,Resistant,non-WT,17,Sensitive: ≤ 0.06 <br>Intermediate: 0.12 <br>Resistant: ≥ 0.25,0.03
Candida glabrata,Micafungin,2,Resistant,non-WT,5,Sensitive: ≤ 0.06 <br>Intermediate: 0.12 <br>Resistant: ≥ 0.25,0.03
Candida glabrata,Micafungin,4,Resistant,non-WT,5,Sensitive: ≤ 0.06 <br>Intermediate: 0.12 <br>Resistant: ≥ 0.25,0.03
Candida glabrata,Micafungin,NA,NA,NA,1,Sensitive: ≤ 0.06 <br>Intermediate: 0.12 <br>Resistant: ≥ 0.25,0.03
Candida glabrata,Posaconazole,0.03,NA,WT,7,NA,1
Candida glabrata,Posaconazole,0.06,NA,WT,17,NA,1
Candida glabrata,Posaconazole,0.12,NA,WT,220,NA,1
Candida glabrata,Posaconazole,0.25,NA,WT,833,NA,1
Candida glabrata,Posaconazole,0.5,NA,WT,1281,NA,1
Candida glabrata,Posaconazole,1,NA,WT,783,NA,1
Candida glabrata,Posaconazole,2,NA,non-WT,187,NA,1
Candida glabrata,Posaconazole,4,NA,non-WT,27,NA,1
Candida glabrata,Posaconazole,8,NA,non-WT,10,NA,1
Candida glabrata,Posaconazole,16,NA,non-WT,30,NA,1
Candida glabrata,Voriconazole,0.004,NA,WT,1,NA,0.25
Candida glabrata,Voriconazole,0.008,NA,WT,15,NA,0.25
Candida glabrata,Voriconazole,0.015,NA,WT,43,NA,0.25
Candida glabrata,Voriconazole,0.03,NA,WT,220,NA,0.25
Candida glabrata,Voriconazole,0.06,NA,WT,1095,NA,0.25
Candida glabrata,Voriconazole,0.12,NA,WT,1050,NA,0.25
Candida glabrata,Voriconazole,0.25,NA,WT,541,NA,0.25
Candida glabrata,Voriconazole,0.5,NA,non-WT,133,NA,0.25
Candida glabrata,Voriconazole,1,NA,non-WT,106,NA,0.25
Candida glabrata,Voriconazole,2,NA,non-WT,107,NA,0.25
Candida glabrata,Voriconazole,4,NA,non-WT,76,NA,0.25
Candida glabrata,Voriconazole,8,NA,non-WT,8,NA,0.25
Candida guilliermondii,Amphotericin B,0.12,NA,WT,1,NA,2
Candida guilliermondii,Amphotericin B,0.25,NA,WT,10,NA,2
Candida guilliermondii,Amphotericin B,0.5,NA,WT,63,NA,2
Candida guilliermondii,Amphotericin B,1,NA,WT,41,NA,2
Candida guilliermondii,Amphotericin B,2,NA,WT,2,NA,2
Candida guilliermondii,Anidulafungin,0.25,Sensitive,WT,2,Sensitive: ≤ 2 <br>Intermediate: 4 <br>Resistant: ≥ 8,8
Candida guilliermondii,Anidulafungin,0.5,Sensitive,WT,6,Sensitive: ≤ 2 <br>Intermediate: 4 <br>Resistant: ≥ 8,8
Candida guilliermondii,Anidulafungin,1,Sensitive,WT,15,Sensitive: ≤ 2 <br>Intermediate: 4 <br>Resistant: ≥ 8,8
Candida guilliermondii,Anidulafungin,2,Sensitive,WT,76,Sensitive: ≤ 2 <br>Intermediate: 4 <br>Resistant: ≥ 8,8
Candida guilliermondii,Anidulafungin,4,Intermediate,WT,17,Sensitive: ≤ 2 <br>Intermediate: 4 <br>Resistant: ≥ 8,8
Candida guilliermondii,Anidulafungin,8,Resistant,WT,1,Sensitive: ≤ 2 <br>Intermediate: 4 <br>Resistant: ≥ 8,8
Candida guilliermondii,Caspofungin,0.06,Sensitive,WT,7,Sensitive: ≤ 2 <br>Intermediate: 4 <br>Resistant: ≥ 8,2
Candida guilliermondii,Caspofungin,0.12,Sensitive,WT,14,Sensitive: ≤ 2 <br>Intermediate: 4 <br>Resistant: ≥ 8,2
Candida guilliermondii,Caspofungin,0.25,Sensitive,WT,32,Sensitive: ≤ 2 <br>Intermediate: 4 <br>Resistant: ≥ 8,2
Candida guilliermondii,Caspofungin,0.5,Sensitive,WT,39,Sensitive: ≤ 2 <br>Intermediate: 4 <br>Resistant: ≥ 8,2
Candida guilliermondii,Caspofungin,1,Sensitive,WT,22,Sensitive: ≤ 2 <br>Intermediate: 4 <br>Resistant: ≥ 8,2
Candida guilliermondii,Caspofungin,2,Sensitive,WT,3,Sensitive: ≤ 2 <br>Intermediate: 4 <br>Resistant: ≥ 8,2
Candida guilliermondii,Fluconazole,1,NA,WT,4,NA,8
Candida guilliermondii,Fluconazole,2,NA,WT,50,NA,8
Candida guilliermondii,Fluconazole,4,NA,WT,28,NA,8
Candida guilliermondii,Fluconazole,8,NA,WT,8,NA,8
Candida guilliermondii,Fluconazole,16,NA,non-WT,3,NA,8
Candida guilliermondii,Fluconazole,32,NA,non-WT,3,NA,8
Candida guilliermondii,Fluconazole,64,NA,non-WT,6,NA,8
Candida guilliermondii,Fluconazole,128,NA,non-WT,8,NA,8
Candida guilliermondii,Fluconazole,256,NA,non-WT,7,NA,8
Candida guilliermondii,Itraconazole,0.12,NA,WT,1,NA,2
Candida guilliermondii,Itraconazole,0.25,NA,WT,13,NA,2
Candida guilliermondii,Itraconazole,0.5,NA,WT,41,NA,2
Candida guilliermondii,Itraconazole,1,NA,WT,17,NA,2
Candida guilliermondii,Itraconazole,2,NA,WT,13,NA,2
Candida guilliermondii,Itraconazole,4,NA,non-WT,3,NA,2
Candida guilliermondii,Itraconazole,8,NA,non-WT,1,NA,2
Candida guilliermondii,Itraconazole,16,NA,non-WT,2,NA,2
Candida guilliermondii,Itraconazole,NA,NA,NA,26,NA,2
Candida guilliermondii,Micafungin,0.06,Sensitive,WT,2,Sensitive: ≤ 2 <br>Intermediate: 4 <br>Resistant: ≥ 8,2
Candida guilliermondii,Micafungin,0.12,Sensitive,WT,2,Sensitive: ≤ 2 <br>Intermediate: 4 <br>Resistant: ≥ 8,2
Candida guilliermondii,Micafungin,0.25,Sensitive,WT,15,Sensitive: ≤ 2 <br>Intermediate: 4 <br>Resistant: ≥ 8,2
Candida guilliermondii,Micafungin,0.5,Sensitive,WT,50,Sensitive: ≤ 2 <br>Intermediate: 4 <br>Resistant: ≥ 8,2
Candida guilliermondii,Micafungin,1,Sensitive,WT,42,Sensitive: ≤ 2 <br>Intermediate: 4 <br>Resistant: ≥ 8,2
Candida guilliermondii,Micafungin,2,Sensitive,WT,5,Sensitive: ≤ 2 <br>Intermediate: 4 <br>Resistant: ≥ 8,2
Candida guilliermondii,Micafungin,8,Resistant,non-WT,1,Sensitive: ≤ 2 <br>Intermediate: 4 <br>Resistant: ≥ 8,2
Candida guilliermondii,Posaconazole,0.12,NA,WT,17,NA,0.5
Candida guilliermondii,Posaconazole,0.25,NA,WT,56,NA,0.5
Candida guilliermondii,Posaconazole,0.5,NA,WT,23,NA,0.5
Candida guilliermondii,Posaconazole,1,NA,non-WT,19,NA,0.5
Candida guilliermondii,Posaconazole,2,NA,non-WT,2,NA,0.5
Candida haemulonii,Anidulafungin,0.12,NA,WT,5,NA,0.5
Candida haemulonii,Anidulafungin,0.25,NA,WT,6,NA,0.5
Candida haemulonii,Anidulafungin,0.5,NA,WT,3,NA,0.5
Candida haemulonii,Anidulafungin,1,NA,non-WT,1,NA,0.5
Candida haemulonii,Fluconazole,0.5,NA,WT,3,NA,128
Candida haemulonii,Fluconazole,1,NA,WT,1,NA,128
Candida haemulonii,Fluconazole,2,NA,WT,4,NA,128
Candida haemulonii,Fluconazole,4,NA,WT,6,NA,128
Candida haemulonii,Fluconazole,8,NA,WT,1,NA,128
Candida haemulonii,Posaconazole,0.015,NA,WT,1,NA,1
Candida haemulonii,Posaconazole,0.03,NA,WT,1,NA,1
Candida haemulonii,Posaconazole,0.06,NA,WT,5,NA,1
Candida haemulonii,Posaconazole,0.12,NA,WT,5,NA,1
Candida haemulonii,Posaconazole,0.25,NA,WT,3,NA,1
Candida haemulonii,Voriconazole,0.008,NA,WT,1,NA,2
Candida haemulonii,Voriconazole,0.015,NA,WT,3,NA,2
Candida haemulonii,Voriconazole,0.03,NA,WT,3,NA,2
Candida haemulonii,Voriconazole,0.06,NA,WT,4,NA,2
Candida haemulonii,Voriconazole,0.12,NA,WT,4,NA,2
Candida kefyr,Amphotericin B,0.12,NA,WT,1,NA,2
Candida kefyr,Amphotericin B,0.5,NA,WT,25,NA,2
Candida kefyr,Amphotericin B,1,NA,WT,110,NA,2
Candida kefyr,Amphotericin B,2,NA,WT,10,NA,2
Candida kefyr,Anidulafungin,0.015,NA,WT,4,NA,0.25
Candida kefyr,Anidulafungin,0.03,NA,WT,38,NA,0.25
Candida kefyr,Anidulafungin,0.06,NA,WT,62,NA,0.25
Candida kefyr,Anidulafungin,0.12,NA,WT,37,NA,0.25
Candida kefyr,Anidulafungin,0.25,NA,WT,4,NA,0.25
Candida kefyr,Anidulafungin,0.5,NA,non-WT,1,NA,0.25
Candida kefyr,Fluconazole,0.06,NA,WT,4,NA,1
Candida kefyr,Fluconazole,0.12,NA,WT,40,NA,1
Candida kefyr,Fluconazole,0.25,NA,WT,51,NA,1
Candida kefyr,Fluconazole,0.5,NA,WT,44,NA,1
Candida kefyr,Fluconazole,1,NA,WT,7,NA,1
Candida kefyr,Itraconazole,0.015,NA,WT,1,NA,0.5
Candida kefyr,Itraconazole,0.03,NA,WT,5,NA,0.5
Candida kefyr,Itraconazole,0.06,NA,WT,28,NA,0.5
Candida kefyr,Itraconazole,0.12,NA,WT,43,NA,0.5
Candida kefyr,Itraconazole,0.25,NA,WT,30,NA,0.5
Candida kefyr,Itraconazole,0.5,NA,WT,1,NA,0.5
Candida kefyr,Itraconazole,NA,NA,NA,38,NA,0.5
Candida kefyr,Micafungin,0.015,NA,WT,2,NA,0.12
Candida kefyr,Micafungin,0.03,NA,WT,67,NA,0.12
Candida kefyr,Micafungin,0.06,NA,WT,68,NA,0.12
Candida kefyr,Micafungin,0.12,NA,WT,7,NA,0.12
Candida kefyr,Micafungin,0.5,NA,non-WT,2,NA,0.12
Candida kefyr,Posaconazole,0.015,NA,WT,6,NA,0.5
Candida kefyr,Posaconazole,0.03,NA,WT,11,NA,0.5
Candida kefyr,Posaconazole,0.06,NA,WT,59,NA,0.5
Candida kefyr,Posaconazole,0.12,NA,WT,51,NA,0.5
Candida kefyr,Posaconazole,0.25,NA,WT,19,NA,0.5
Candida krusei,Amphotericin B,0.5,NA,WT,8,NA,2
Candida krusei,Amphotericin B,1,NA,WT,411,NA,2
Candida krusei,Amphotericin B,2,NA,WT,98,NA,2
Candida krusei,Anidulafungin,0.004,Sensitive,WT,1,Sensitive: ≤ 0.25 <br>Intermediate: 0.5 <br>Resistant: ≥ 1,0.25
Candida krusei,Anidulafungin,0.008,Sensitive,WT,2,Sensitive: ≤ 0.25 <br>Intermediate: 0.5 <br>Resistant: ≥ 1,0.25
Candida krusei,Anidulafungin,0.015,Sensitive,WT,20,Sensitive: ≤ 0.25 <br>Intermediate: 0.5 <br>Resistant: ≥ 1,0.25
Candida krusei,Anidulafungin,0.03,Sensitive,WT,163,Sensitive: ≤ 0.25 <br>Intermediate: 0.5 <br>Resistant: ≥ 1,0.25
Candida krusei,Anidulafungin,0.06,Sensitive,WT,278,Sensitive: ≤ 0.25 <br>Intermediate: 0.5 <br>Resistant: ≥ 1,0.25
Candida krusei,Anidulafungin,0.12,Sensitive,WT,48,Sensitive: ≤ 0.25 <br>Intermediate: 0.5 <br>Resistant: ≥ 1,0.25
Candida krusei,Anidulafungin,0.25,Sensitive,WT,3,Sensitive: ≤ 0.25 <br>Intermediate: 0.5 <br>Resistant: ≥ 1,0.25
Candida krusei,Anidulafungin,1,Resistant,non-WT,1,Sensitive: ≤ 0.25 <br>Intermediate: 0.5 <br>Resistant: ≥ 1,0.25
Candida krusei,Anidulafungin,4,Resistant,non-WT,1,Sensitive: ≤ 0.25 <br>Intermediate: 0.5 <br>Resistant: ≥ 1,0.25
Candida krusei,Caspofungin,0.008,Sensitive,NA,1,Sensitive: ≤ 0.25 <br>Intermediate: 0.5 <br>Resistant: ≥ 1,NA
Candida krusei,Caspofungin,0.015,Sensitive,NA,3,Sensitive: ≤ 0.25 <br>Intermediate: 0.5 <br>Resistant: ≥ 1,NA
Candida krusei,Caspofungin,0.03,Sensitive,NA,7,Sensitive: ≤ 0.25 <br>Intermediate: 0.5 <br>Resistant: ≥ 1,NA
Candida krusei,Caspofungin,0.06,Sensitive,NA,188,Sensitive: ≤ 0.25 <br>Intermediate: 0.5 <br>Resistant: ≥ 1,NA
Candida krusei,Caspofungin,0.12,Sensitive,NA,209,Sensitive: ≤ 0.25 <br>Intermediate: 0.5 <br>Resistant: ≥ 1,NA
Candida krusei,Caspofungin,0.25,Sensitive,NA,101,Sensitive: ≤ 0.25 <br>Intermediate: 0.5 <br>Resistant: ≥ 1,NA
Candida krusei,Caspofungin,0.5,Intermediate,NA,6,Sensitive: ≤ 0.25 <br>Intermediate: 0.5 <br>Resistant: ≥ 1,NA
Candida krusei,Caspofungin,1,Resistant,NA,1,Sensitive: ≤ 0.25 <br>Intermediate: 0.5 <br>Resistant: ≥ 1,NA
Candida krusei,Caspofungin,8,Resistant,NA,1,Sensitive: ≤ 0.25 <br>Intermediate: 0.5 <br>Resistant: ≥ 1,NA
Candida krusei,Itraconazole,0.008,NA,WT,1,NA,1
Candida krusei,Itraconazole,0.03,NA,WT,2,NA,1
Candida krusei,Itraconazole,0.06,NA,WT,6,NA,1
Candida krusei,Itraconazole,0.12,NA,WT,27,NA,1
Candida krusei,Itraconazole,0.25,NA,WT,101,NA,1
Candida krusei,Itraconazole,0.5,NA,WT,192,NA,1
Candida krusei,Itraconazole,1,NA,WT,48,NA,1
Candida krusei,Itraconazole,2,NA,non-WT,2,NA,1
Candida krusei,Itraconazole,4,NA,non-WT,1,NA,1
Candida krusei,Itraconazole,NA,NA,NA,137,NA,1
Candida krusei,Micafungin,0.008,Sensitive,WT,3,Sensitive: ≤ 0.25 <br>Intermediate: 0.5 <br>Resistant: ≥ 1,0.25
Candida krusei,Micafungin,0.015,Sensitive,WT,5,Sensitive: ≤ 0.25 <br>Intermediate: 0.5 <br>Resistant: ≥ 1,0.25
Candida krusei,Micafungin,0.03,Sensitive,WT,12,Sensitive: ≤ 0.25 <br>Intermediate: 0.5 <br>Resistant: ≥ 1,0.25
Candida krusei,Micafungin,0.06,Sensitive,WT,234,Sensitive: ≤ 0.25 <br>Intermediate: 0.5 <br>Resistant: ≥ 1,0.25
Candida krusei,Micafungin,0.12,Sensitive,WT,255,Sensitive: ≤ 0.25 <br>Intermediate: 0.5 <br>Resistant: ≥ 1,0.25
Candida krusei,Micafungin,0.25,Sensitive,WT,6,Sensitive: ≤ 0.25 <br>Intermediate: 0.5 <br>Resistant: ≥ 1,0.25
Candida krusei,Micafungin,0.5,Intermediate,non-WT,1,Sensitive: ≤ 0.25 <br>Intermediate: 0.5 <br>Resistant: ≥ 1,0.25
Candida krusei,Micafungin,2,Resistant,non-WT,1,Sensitive: ≤ 0.25 <br>Intermediate: 0.5 <br>Resistant: ≥ 1,0.25
Candida krusei,Posaconazole,0.03,NA,WT,5,NA,0.5
Candida krusei,Posaconazole,0.06,NA,WT,11,NA,0.5
Candida krusei,Posaconazole,0.12,NA,WT,57,NA,0.5
Candida krusei,Posaconazole,0.25,NA,WT,252,NA,0.5
Candida krusei,Posaconazole,0.5,NA,WT,178,NA,0.5
Candida krusei,Posaconazole,1,NA,non-WT,11,NA,0.5
Candida krusei,Posaconazole,2,NA,non-WT,3,NA,0.5
Candida krusei,Voriconazole,0.06,Sensitive,WT,10,Sensitive: ≤ 0.5 <br>Intermediate: 1 <br>Resistant: ≥ 2,0.5
Candida krusei,Voriconazole,0.12,Sensitive,WT,120,Sensitive: ≤ 0.5 <br>Intermediate: 1 <br>Resistant: ≥ 2,0.5
Candida krusei,Voriconazole,0.25,Sensitive,WT,317,Sensitive: ≤ 0.5 <br>Intermediate: 1 <br>Resistant: ≥ 2,0.5
Candida krusei,Voriconazole,0.5,Sensitive,WT,57,Sensitive: ≤ 0.5 <br>Intermediate: 1 <br>Resistant: ≥ 2,0.5
Candida krusei,Voriconazole,1,Intermediate,non-WT,10,Sensitive: ≤ 0.5 <br>Intermediate: 1 <br>Resistant: ≥ 2,0.5
Candida krusei,Voriconazole,2,Resistant,non-WT,1,Sensitive: ≤ 0.5 <br>Intermediate: 1 <br>Resistant: ≥ 2,0.5
Candida krusei,Voriconazole,4,Resistant,non-WT,2,Sensitive: ≤ 0.5 <br>Intermediate: 1 <br>Resistant: ≥ 2,0.5
Candida lusitaniae,Amphotericin B,0.12,NA,WT,2,NA,2
Candida lusitaniae,Amphotericin B,0.25,NA,WT,63,NA,2
Candida lusitaniae,Amphotericin B,0.5,NA,WT,166,NA,2
Candida lusitaniae,Amphotericin B,1,NA,WT,86,NA,2
Candida lusitaniae,Amphotericin B,2,NA,WT,1,NA,2
Candida lusitaniae,Anidulafungin,0.03,NA,WT,2,NA,1
Candida lusitaniae,Anidulafungin,0.06,NA,WT,10,NA,1
Candida lusitaniae,Anidulafungin,0.12,NA,WT,31,NA,1
Candida lusitaniae,Anidulafungin,0.25,NA,WT,133,NA,1
Candida lusitaniae,Anidulafungin,0.5,NA,WT,119,NA,1
Candida lusitaniae,Anidulafungin,1,NA,WT,21,NA,1
Candida lusitaniae,Anidulafungin,2,NA,non-WT,2,NA,1
Candida lusitaniae,Caspofungin,0.015,NA,WT,1,NA,1
Candida lusitaniae,Caspofungin,0.03,NA,WT,8,NA,1
Candida lusitaniae,Caspofungin,0.06,NA,WT,28,NA,1
Candida lusitaniae,Caspofungin,0.12,NA,WT,96,NA,1
Candida lusitaniae,Caspofungin,0.25,NA,WT,142,NA,1
Candida lusitaniae,Caspofungin,0.5,NA,WT,36,NA,1
Candida lusitaniae,Caspofungin,1,NA,WT,6,NA,1
Candida lusitaniae,Caspofungin,2,NA,non-WT,1,NA,1
Candida lusitaniae,Fluconazole,0.06,NA,WT,15,NA,1
Candida lusitaniae,Fluconazole,0.12,NA,WT,44,NA,1
Candida lusitaniae,Fluconazole,0.25,NA,WT,106,NA,1
Candida lusitaniae,Fluconazole,0.5,NA,WT,83,NA,1
Candida lusitaniae,Fluconazole,1,NA,WT,41,NA,1
Candida lusitaniae,Fluconazole,2,NA,non-WT,16,NA,1
Candida lusitaniae,Fluconazole,4,NA,non-WT,3,NA,1
Candida lusitaniae,Fluconazole,8,NA,non-WT,1,NA,1
Candida lusitaniae,Fluconazole,16,NA,non-WT,2,NA,1
Candida lusitaniae,Fluconazole,32,NA,non-WT,2,NA,1
Candida lusitaniae,Fluconazole,64,NA,non-WT,5,NA,1
Candida lusitaniae,Itraconazole,0.008,NA,WT,1,NA,1
Candida lusitaniae,Itraconazole,0.03,NA,WT,1,NA,1
Candida lusitaniae,Itraconazole,0.06,NA,WT,35,NA,1
Candida lusitaniae,Itraconazole,0.12,NA,WT,91,NA,1
Candida lusitaniae,Itraconazole,0.25,NA,WT,99,NA,1
Candida lusitaniae,Itraconazole,0.5,NA,WT,18,NA,1
Candida lusitaniae,Itraconazole,1,NA,WT,6,NA,1
Candida lusitaniae,Itraconazole,2,NA,non-WT,1,NA,1
Candida lusitaniae,Itraconazole,NA,NA,NA,66,NA,1
Candida lusitaniae,Micafungin,0.015,NA,WT,2,NA,0.5
Candida lusitaniae,Micafungin,0.03,NA,WT,8,NA,0.5
Candida lusitaniae,Micafungin,0.06,NA,WT,37,NA,0.5
Candida lusitaniae,Micafungin,0.12,NA,WT,136,NA,0.5
Candida lusitaniae,Micafungin,0.25,NA,WT,111,NA,0.5
Candida lusitaniae,Micafungin,0.5,NA,WT,17,NA,0.5
Candida lusitaniae,Micafungin,1,NA,non-WT,5,NA,0.5
Candida lusitaniae,Micafungin,2,NA,non-WT,2,NA,0.5
Candida lusitaniae,Posaconazole,0.008,NA,WT,2,NA,0.06
Candida lusitaniae,Posaconazole,0.015,NA,WT,9,NA,0.06
Candida lusitaniae,Posaconazole,0.03,NA,WT,68,NA,0.06
Candida lusitaniae,Posaconazole,0.06,NA,WT,155,NA,0.06
Candida lusitaniae,Posaconazole,0.12,NA,non-WT,63,NA,0.06
Candida lusitaniae,Posaconazole,0.25,NA,non-WT,17,NA,0.06
Candida lusitaniae,Posaconazole,0.5,NA,non-WT,3,NA,0.06
Candida lusitaniae,Posaconazole,1,NA,non-WT,1,NA,0.06
Candida metapsilosis,Amphotericin B,0.25,NA,WT,3,NA,1
Candida metapsilosis,Amphotericin B,0.5,NA,WT,35,NA,1
Candida metapsilosis,Amphotericin B,1,NA,WT,19,NA,1
Candida metapsilosis,Anidulafungin,0.06,NA,WT,1,NA,0.5
Candida metapsilosis,Anidulafungin,0.12,NA,WT,18,NA,0.5
Candida metapsilosis,Anidulafungin,0.25,NA,WT,27,NA,0.5
Candida metapsilosis,Anidulafungin,0.5,NA,WT,9,NA,0.5
Candida metapsilosis,Anidulafungin,1,NA,non-WT,1,NA,0.5
Candida metapsilosis,Anidulafungin,2,NA,non-WT,1,NA,0.5
Candida metapsilosis,Caspofungin,0.03,NA,WT,3,NA,0.25
Candida metapsilosis,Caspofungin,0.06,NA,WT,31,NA,0.25
Candida metapsilosis,Caspofungin,0.12,NA,WT,18,NA,0.25
Candida metapsilosis,Caspofungin,0.25,NA,WT,4,NA,0.25
Candida metapsilosis,Caspofungin,0.5,NA,non-WT,1,NA,0.25
Candida metapsilosis,Fluconazole,0.25,NA,WT,2,NA,4
Candida metapsilosis,Fluconazole,0.5,NA,WT,17,NA,4
Candida metapsilosis,Fluconazole,1,NA,WT,24,NA,4
Candida metapsilosis,Fluconazole,2,NA,WT,9,NA,4
Candida metapsilosis,Fluconazole,4,NA,WT,3,NA,4
Candida metapsilosis,Fluconazole,8,NA,non-WT,2,NA,4
Candida metapsilosis,Itraconazole,0.06,NA,WT,8,NA,1
Candida metapsilosis,Itraconazole,0.12,NA,WT,23,NA,1
Candida metapsilosis,Itraconazole,0.25,NA,WT,10,NA,1
Candida metapsilosis,Itraconazole,0.5,NA,WT,1,NA,1
Candida metapsilosis,Itraconazole,NA,NA,NA,15,NA,1
Candida metapsilosis,Micafungin,0.12,NA,WT,10,NA,1
Candida metapsilosis,Micafungin,0.25,NA,WT,29,NA,1
Candida metapsilosis,Micafungin,0.5,NA,WT,16,NA,1
Candida metapsilosis,Micafungin,1,NA,WT,2,NA,1
Candida metapsilosis,Posaconazole,0.03,NA,WT,15,NA,0.25
Candida metapsilosis,Posaconazole,0.06,NA,WT,31,NA,0.25
Candida metapsilosis,Posaconazole,0.12,NA,WT,9,NA,0.25
Candida metapsilosis,Posaconazole,0.25,NA,WT,2,NA,0.25
Candida metapsilosis,Voriconazole,0.008,NA,WT,4,NA,0.06
Candida metapsilosis,Voriconazole,0.015,NA,WT,29,NA,0.06
Candida metapsilosis,Voriconazole,0.03,NA,WT,18,NA,0.06
Candida metapsilosis,Voriconazole,0.06,NA,WT,2,NA,0.06
Candida metapsilosis,Voriconazole,0.12,NA,non-WT,4,NA,0.06
Candida orthopsilosis,Amphotericin B,0.12,NA,WT,1,NA,2
Candida orthopsilosis,Amphotericin B,0.25,NA,WT,14,NA,2
Candida orthopsilosis,Amphotericin B,0.5,NA,WT,82,NA,2
Candida orthopsilosis,Amphotericin B,1,NA,WT,31,NA,2
Candida orthopsilosis,Amphotericin B,2,NA,WT,1,NA,2
Candida orthopsilosis,Anidulafungin,0.12,NA,WT,3,NA,2
Candida orthopsilosis,Anidulafungin,0.25,NA,WT,21,NA,2
Candida orthopsilosis,Anidulafungin,0.5,NA,WT,55,NA,2
Candida orthopsilosis,Anidulafungin,1,NA,WT,40,NA,2
Candida orthopsilosis,Anidulafungin,2,NA,WT,10,NA,2
Candida orthopsilosis,Caspofungin,0.03,NA,WT,3,NA,1
Candida orthopsilosis,Caspofungin,0.06,NA,WT,29,NA,1
Candida orthopsilosis,Caspofungin,0.12,NA,WT,60,NA,1
Candida orthopsilosis,Caspofungin,0.25,NA,WT,28,NA,1
Candida orthopsilosis,Caspofungin,0.5,NA,WT,9,NA,1
Candida orthopsilosis,Fluconazole,0.12,NA,WT,2,NA,2
Candida orthopsilosis,Fluconazole,0.25,NA,WT,23,NA,2
Candida orthopsilosis,Fluconazole,0.5,NA,WT,51,NA,2
Candida orthopsilosis,Fluconazole,1,NA,WT,27,NA,2
Candida orthopsilosis,Fluconazole,2,NA,WT,9,NA,2
Candida orthopsilosis,Fluconazole,4,NA,non-WT,7,NA,2
Candida orthopsilosis,Fluconazole,8,NA,non-WT,3,NA,2
Candida orthopsilosis,Fluconazole,16,NA,non-WT,1,NA,2
Candida orthopsilosis,Fluconazole,32,NA,non-WT,3,NA,2
Candida orthopsilosis,Fluconazole,128,NA,non-WT,2,NA,2
Candida orthopsilosis,Fluconazole,256,NA,non-WT,1,NA,2
Candida orthopsilosis,Itraconazole,0.03,NA,WT,2,NA,0.5
Candida orthopsilosis,Itraconazole,0.06,NA,WT,14,NA,0.5
Candida orthopsilosis,Itraconazole,0.12,NA,WT,35,NA,0.5
Candida orthopsilosis,Itraconazole,0.25,NA,WT,28,NA,0.5
Candida orthopsilosis,Itraconazole,0.5,NA,WT,5,NA,0.5
Candida orthopsilosis,Itraconazole,1,NA,non-WT,1,NA,0.5
Candida orthopsilosis,Itraconazole,2,NA,non-WT,1,NA,0.5
Candida orthopsilosis,Itraconazole,NA,NA,NA,43,NA,0.5
Candida orthopsilosis,Micafungin,0.06,NA,WT,1,NA,1
Candida orthopsilosis,Micafungin,0.12,NA,WT,5,NA,1
Candida orthopsilosis,Micafungin,0.25,NA,WT,59,NA,1
Candida orthopsilosis,Micafungin,0.5,NA,WT,52,NA,1
Candida orthopsilosis,Micafungin,1,NA,WT,12,NA,1
Candida orthopsilosis,Posaconazole,0.008,NA,WT,1,NA,0.25
Candida orthopsilosis,Posaconazole,0.03,NA,WT,17,NA,0.25
Candida orthopsilosis,Posaconazole,0.06,NA,WT,52,NA,0.25
Candida orthopsilosis,Posaconazole,0.12,NA,WT,43,NA,0.25
Candida orthopsilosis,Posaconazole,0.25,NA,WT,13,NA,0.25
Candida orthopsilosis,Posaconazole,0.5,NA,non-WT,3,NA,0.25
Candida orthopsilosis,Voriconazole,0.004,NA,WT,1,NA,0.12
Candida orthopsilosis,Voriconazole,0.008,NA,WT,22,NA,0.12
Candida orthopsilosis,Voriconazole,0.015,NA,WT,48,NA,0.12
Candida orthopsilosis,Voriconazole,0.03,NA,WT,28,NA,0.12
Candida orthopsilosis,Voriconazole,0.06,NA,WT,13,NA,0.12
Candida orthopsilosis,Voriconazole,0.12,NA,WT,7,NA,0.12
Candida orthopsilosis,Voriconazole,0.25,NA,non-WT,1,NA,0.12
Candida orthopsilosis,Voriconazole,0.5,NA,non-WT,5,NA,0.12
Candida orthopsilosis,Voriconazole,1,NA,non-WT,2,NA,0.12
Candida orthopsilosis,Voriconazole,4,NA,non-WT,1,NA,0.12
Candida orthopsilosis,Voriconazole,8,NA,non-WT,1,NA,0.12
Candida parapsilosis,Amphotericin B,0.25,NA,WT,75,NA,1
Candida parapsilosis,Amphotericin B,0.5,NA,WT,1189,NA,1
Candida parapsilosis,Amphotericin B,1,NA,WT,1498,NA,1
Candida parapsilosis,Amphotericin B,2,NA,non-WT,29,NA,1
Candida parapsilosis,Amphotericin B,NA,NA,NA,1,NA,1
Candida parapsilosis,Anidulafungin,0.015,Sensitive,WT,1,Sensitive: ≤ 2 <br>Intermediate: 4 <br>SDD: N/A <br>Resistant: ≥ 8,4
Candida parapsilosis,Anidulafungin,0.03,Sensitive,WT,3,Sensitive: ≤ 2 <br>Intermediate: 4 <br>SDD: N/A <br>Resistant: ≥ 8,4
Candida parapsilosis,Anidulafungin,0.06,Sensitive,WT,3,Sensitive: ≤ 2 <br>Intermediate: 4 <br>SDD: N/A <br>Resistant: ≥ 8,4
Candida parapsilosis,Anidulafungin,0.12,Sensitive,WT,10,Sensitive: ≤ 2 <br>Intermediate: 4 <br>SDD: N/A <br>Resistant: ≥ 8,4
Candida parapsilosis,Anidulafungin,0.25,Sensitive,WT,41,Sensitive: ≤ 2 <br>Intermediate: 4 <br>SDD: N/A <br>Resistant: ≥ 8,4
Candida parapsilosis,Anidulafungin,0.5,Sensitive,WT,208,Sensitive: ≤ 2 <br>Intermediate: 4 <br>SDD: N/A <br>Resistant: ≥ 8,4
Candida parapsilosis,Anidulafungin,1,Sensitive,WT,751,Sensitive: ≤ 2 <br>Intermediate: 4 <br>SDD: N/A <br>Resistant: ≥ 8,4
Candida parapsilosis,Anidulafungin,2,Sensitive,WT,1512,Sensitive: ≤ 2 <br>Intermediate: 4 <br>SDD: N/A <br>Resistant: ≥ 8,4
Candida parapsilosis,Anidulafungin,4,Intermediate,WT,260,Sensitive: ≤ 2 <br>Intermediate: 4 <br>SDD: N/A <br>Resistant: ≥ 8,4
Candida parapsilosis,Anidulafungin,8,Resistant,non-WT,3,Sensitive: ≤ 2 <br>Intermediate: 4 <br>SDD: N/A <br>Resistant: ≥ 8,4
Candida parapsilosis,Caspofungin,0.015,Sensitive,WT,3,Sensitive: ≤ 2 <br>Intermediate: 4 <br>SDD: N/A <br>Resistant: ≥ 8,1
Candida parapsilosis,Caspofungin,0.03,Sensitive,WT,10,Sensitive: ≤ 2 <br>Intermediate: 4 <br>SDD: N/A <br>Resistant: ≥ 8,1
Candida parapsilosis,Caspofungin,0.06,Sensitive,WT,23,Sensitive: ≤ 2 <br>Intermediate: 4 <br>SDD: N/A <br>Resistant: ≥ 8,1
Candida parapsilosis,Caspofungin,0.12,Sensitive,WT,299,Sensitive: ≤ 2 <br>Intermediate: 4 <br>SDD: N/A <br>Resistant: ≥ 8,1
Candida parapsilosis,Caspofungin,0.25,Sensitive,WT,1437,Sensitive: ≤ 2 <br>Intermediate: 4 <br>SDD: N/A <br>Resistant: ≥ 8,1
Candida parapsilosis,Caspofungin,0.5,Sensitive,WT,912,Sensitive: ≤ 2 <br>Intermediate: 4 <br>SDD: N/A <br>Resistant: ≥ 8,1
Candida parapsilosis,Caspofungin,1,Sensitive,WT,101,Sensitive: ≤ 2 <br>Intermediate: 4 <br>SDD: N/A <br>Resistant: ≥ 8,1
Candida parapsilosis,Caspofungin,2,Sensitive,non-WT,7,Sensitive: ≤ 2 <br>Intermediate: 4 <br>SDD: N/A <br>Resistant: ≥ 8,1
Candida parapsilosis,Fluconazole,0.06,Sensitive,WT,6,Sensitive: ≤ 2 <br>Intermediate: N/A <br>SDD: 4 <br>Resistant: ≥ 8,2
Candida parapsilosis,Fluconazole,0.12,Sensitive,WT,109,Sensitive: ≤ 2 <br>Intermediate: N/A <br>SDD: 4 <br>Resistant: ≥ 8,2
Candida parapsilosis,Fluconazole,0.25,Sensitive,WT,707,Sensitive: ≤ 2 <br>Intermediate: N/A <br>SDD: 4 <br>Resistant: ≥ 8,2
Candida parapsilosis,Fluconazole,0.5,Sensitive,WT,1112,Sensitive: ≤ 2 <br>Intermediate: N/A <br>SDD: 4 <br>Resistant: ≥ 8,2
Candida parapsilosis,Fluconazole,1,Sensitive,WT,452,Sensitive: ≤ 2 <br>Intermediate: N/A <br>SDD: 4 <br>Resistant: ≥ 8,2
Candida parapsilosis,Fluconazole,2,Sensitive,WT,157,Sensitive: ≤ 2 <br>Intermediate: N/A <br>SDD: 4 <br>Resistant: ≥ 8,2
Candida parapsilosis,Fluconazole,4,SDD,non-WT,66,Sensitive: ≤ 2 <br>Intermediate: N/A <br>SDD: 4 <br>Resistant: ≥ 8,2
Candida parapsilosis,Fluconazole,8,Resistant,non-WT,32,Sensitive: ≤ 2 <br>Intermediate: N/A <br>SDD: 4 <br>Resistant: ≥ 8,2
Candida parapsilosis,Fluconazole,16,Resistant,non-WT,24,Sensitive: ≤ 2 <br>Intermediate: N/A <br>SDD: 4 <br>Resistant: ≥ 8,2
Candida parapsilosis,Fluconazole,32,Resistant,non-WT,67,Sensitive: ≤ 2 <br>Intermediate: N/A <br>SDD: 4 <br>Resistant: ≥ 8,2
Candida parapsilosis,Fluconazole,64,Resistant,non-WT,51,Sensitive: ≤ 2 <br>Intermediate: N/A <br>SDD: 4 <br>Resistant: ≥ 8,2
Candida parapsilosis,Fluconazole,128,Resistant,non-WT,8,Sensitive: ≤ 2 <br>Intermediate: N/A <br>SDD: 4 <br>Resistant: ≥ 8,2
Candida parapsilosis,Fluconazole,256,Resistant,non-WT,1,Sensitive: ≤ 2 <br>Intermediate: N/A <br>SDD: 4 <br>Resistant: ≥ 8,2
Candida parapsilosis,Itraconazole,0.008,NA,WT,1,NA,0.5
Candida parapsilosis,Itraconazole,0.015,NA,WT,19,NA,0.5
Candida parapsilosis,Itraconazole,0.03,NA,WT,106,NA,0.5
Candida parapsilosis,Itraconazole,0.06,NA,WT,605,NA,0.5
Candida parapsilosis,Itraconazole,0.12,NA,WT,860,NA,0.5
Candida parapsilosis,Itraconazole,0.25,NA,WT,482,NA,0.5
Candida parapsilosis,Itraconazole,0.5,NA,WT,81,NA,0.5
Candida parapsilosis,Itraconazole,1,NA,non-WT,12,NA,0.5
Candida parapsilosis,Itraconazole,NA,NA,NA,626,NA,0.5
Candida parapsilosis,Micafungin,0.008,Sensitive,WT,1,Sensitive: ≤ 2 <br>Intermediate: 4 <br>SDD: N/A <br>Resistant: ≥ 8,2
Candida parapsilosis,Micafungin,0.015,Sensitive,WT,6,Sensitive: ≤ 2 <br>Intermediate: 4 <br>SDD: N/A <br>Resistant: ≥ 8,2
Candida parapsilosis,Micafungin,0.03,Sensitive,WT,1,Sensitive: ≤ 2 <br>Intermediate: 4 <br>SDD: N/A <br>Resistant: ≥ 8,2
Candida parapsilosis,Micafungin,0.06,Sensitive,WT,2,Sensitive: ≤ 2 <br>Intermediate: 4 <br>SDD: N/A <br>Resistant: ≥ 8,2
Candida parapsilosis,Micafungin,0.12,Sensitive,WT,10,Sensitive: ≤ 2 <br>Intermediate: 4 <br>SDD: N/A <br>Resistant: ≥ 8,2
Candida parapsilosis,Micafungin,0.25,Sensitive,WT,31,Sensitive: ≤ 2 <br>Intermediate: 4 <br>SDD: N/A <br>Resistant: ≥ 8,2
Candida parapsilosis,Micafungin,0.5,Sensitive,WT,427,Sensitive: ≤ 2 <br>Intermediate: 4 <br>SDD: N/A <br>Resistant: ≥ 8,2
Candida parapsilosis,Micafungin,1,Sensitive,WT,1854,Sensitive: ≤ 2 <br>Intermediate: 4 <br>SDD: N/A <br>Resistant: ≥ 8,2
Candida parapsilosis,Micafungin,2,Sensitive,WT,453,Sensitive: ≤ 2 <br>Intermediate: 4 <br>SDD: N/A <br>Resistant: ≥ 8,2
Candida parapsilosis,Micafungin,4,Intermediate,non-WT,7,Sensitive: ≤ 2 <br>Intermediate: 4 <br>SDD: N/A <br>Resistant: ≥ 8,2
Candida parapsilosis,Posaconazole,0.008,NA,WT,6,NA,0.25
Candida parapsilosis,Posaconazole,0.015,NA,WT,67,NA,0.25
Candida parapsilosis,Posaconazole,0.03,NA,WT,590,NA,0.25
Candida parapsilosis,Posaconazole,0.06,NA,WT,1268,NA,0.25
Candida parapsilosis,Posaconazole,0.12,NA,WT,712,NA,0.25
Candida parapsilosis,Posaconazole,0.25,NA,WT,127,NA,0.25
Candida parapsilosis,Posaconazole,0.5,NA,non-WT,20,NA,0.25
Candida parapsilosis,Posaconazole,1,NA,non-WT,2,NA,0.25
Candida parapsilosis,Voriconazole,0.002,Sensitive,NA,16,Sensitive: ≤ 0.12 <br>Intermediate: 0.25-0.5 <br>SDD: 4 <br>Resistant: ≥ 1,NA
Candida parapsilosis,Voriconazole,0.004,Sensitive,NA,124,Sensitive: ≤ 0.12 <br>Intermediate: 0.25-0.5 <br>SDD: 4 <br>Resistant: ≥ 1,NA
Candida parapsilosis,Voriconazole,0.008,Sensitive,NA,1057,Sensitive: ≤ 0.12 <br>Intermediate: 0.25-0.5 <br>SDD: 4 <br>Resistant: ≥ 1,NA
Candida parapsilosis,Voriconazole,0.015,Sensitive,NA,930,Sensitive: ≤ 0.12 <br>Intermediate: 0.25-0.5 <br>SDD: 4 <br>Resistant: ≥ 1,NA
Candida parapsilosis,Voriconazole,0.03,Sensitive,NA,336,Sensitive: ≤ 0.12 <br>Intermediate: 0.25-0.5 <br>SDD: 4 <br>Resistant: ≥ 1,NA
Candida parapsilosis,Voriconazole,0.06,Sensitive,NA,122,Sensitive: ≤ 0.12 <br>Intermediate: 0.25-0.5 <br>SDD: 4 <br>Resistant: ≥ 1,NA
Candida parapsilosis,Voriconazole,0.12,Sensitive,NA,53,Sensitive: ≤ 0.12 <br>Intermediate: 0.25-0.5 <br>SDD: 4 <br>Resistant: ≥ 1,NA
Candida parapsilosis,Voriconazole,0.25,NA,NA,59,Sensitive: ≤ 0.12 <br>Intermediate: 0.25-0.5 <br>SDD: 4 <br>Resistant: ≥ 1,NA
Candida parapsilosis,Voriconazole,0.5,Intermediate,NA,75,Sensitive: ≤ 0.12 <br>Intermediate: 0.25-0.5 <br>SDD: 4 <br>Resistant: ≥ 1,NA
Candida parapsilosis,Voriconazole,1,Resistant,NA,15,Sensitive: ≤ 0.12 <br>Intermediate: 0.25-0.5 <br>SDD: 4 <br>Resistant: ≥ 1,NA
Candida parapsilosis,Voriconazole,2,Resistant,NA,3,Sensitive: ≤ 0.12 <br>Intermediate: 0.25-0.5 <br>SDD: 4 <br>Resistant: ≥ 1,NA
Candida parapsilosis,Voriconazole,4,Resistant,NA,2,Sensitive: ≤ 0.12 <br>Intermediate: 0.25-0.5 <br>SDD: 4 <br>Resistant: ≥ 1,NA
Candida pelliculosa,Amphotericin B,0.25,NA,WT,5,NA,1
Candida pelliculosa,Amphotericin B,0.5,NA,WT,25,NA,1
Candida pelliculosa,Amphotericin B,1,NA,WT,16,NA,1
Candida pelliculosa,Fluconazole,0.5,NA,WT,1,NA,8
Candida pelliculosa,Fluconazole,1,NA,WT,3,NA,8
Candida pelliculosa,Fluconazole,2,NA,WT,22,NA,8
Candida pelliculosa,Fluconazole,4,NA,WT,11,NA,8
Candida pelliculosa,Fluconazole,8,NA,WT,5,NA,8
Candida pelliculosa,Fluconazole,16,NA,non-WT,3,NA,8
Candida pelliculosa,Fluconazole,64,NA,non-WT,1,NA,8
Candida pelliculosa,Itraconazole,0.06,NA,WT,2,NA,1
Candida pelliculosa,Itraconazole,0.12,NA,WT,7,NA,1
Candida pelliculosa,Itraconazole,0.25,NA,WT,13,NA,1
Candida pelliculosa,Itraconazole,0.5,NA,WT,10,NA,1
Candida pelliculosa,Itraconazole,1,NA,WT,2,NA,1
Candida pelliculosa,Itraconazole,2,NA,non-WT,1,NA,1
Candida pelliculosa,Itraconazole,NA,NA,NA,11,NA,1
Candida pelliculosa,Micafungin,0.002,NA,WT,1,NA,0.12
Candida pelliculosa,Micafungin,0.008,NA,WT,2,NA,0.12
Candida pelliculosa,Micafungin,0.015,NA,WT,5,NA,0.12
Candida pelliculosa,Micafungin,0.03,NA,WT,25,NA,0.12
Candida pelliculosa,Micafungin,0.06,NA,WT,8,NA,0.12
Candida pelliculosa,Micafungin,0.25,NA,non-WT,2,NA,0.12
Candida pelliculosa,Micafungin,NA,NA,NA,3,NA,0.12
Candida pelliculosa,Posaconazole,0.12,NA,WT,7,NA,2
Candida pelliculosa,Posaconazole,0.25,NA,WT,10,NA,2
Candida pelliculosa,Posaconazole,0.5,NA,WT,21,NA,2
Candida pelliculosa,Posaconazole,1,NA,WT,6,NA,2
Candida pelliculosa,Posaconazole,2,NA,WT,2,NA,2
Candida pelliculosa,Voriconazole,0.015,NA,WT,1,NA,0.25
Candida pelliculosa,Voriconazole,0.03,NA,WT,2,NA,0.25
Candida pelliculosa,Voriconazole,0.06,NA,WT,11,NA,0.25
Candida pelliculosa,Voriconazole,0.12,NA,WT,22,NA,0.25
Candida pelliculosa,Voriconazole,0.25,NA,WT,5,NA,0.25
Candida pelliculosa,Voriconazole,0.5,NA,non-WT,4,NA,0.25
Candida pelliculosa,Voriconazole,2,NA,non-WT,1,NA,0.25
Candida tropicalis,Amphotericin B,0.25,NA,WT,24,NA,2
Candida tropicalis,Amphotericin B,0.5,NA,WT,612,NA,2
Candida tropicalis,Amphotericin B,1,NA,WT,1084,NA,2
Candida tropicalis,Amphotericin B,2,NA,WT,29,NA,2
Candida tropicalis,Amphotericin B,NA,NA,NA,1,NA,2
Candida tropicalis,Anidulafungin,0.002,Sensitive,WT,2,Sensitive: ≤ 0.25 <br>Intermediate: 0.5 <br>SDD: N/A <br>Resistant: ≥ 1,0.12
Candida tropicalis,Anidulafungin,0.004,Sensitive,WT,7,Sensitive: ≤ 0.25 <br>Intermediate: 0.5 <br>SDD: N/A <br>Resistant: ≥ 1,0.12
Candida tropicalis,Anidulafungin,0.008,Sensitive,WT,184,Sensitive: ≤ 0.25 <br>Intermediate: 0.5 <br>SDD: N/A <br>Resistant: ≥ 1,0.12
Candida tropicalis,Anidulafungin,0.015,Sensitive,WT,621,Sensitive: ≤ 0.25 <br>Intermediate: 0.5 <br>SDD: N/A <br>Resistant: ≥ 1,0.12
Candida tropicalis,Anidulafungin,0.03,Sensitive,WT,631,Sensitive: ≤ 0.25 <br>Intermediate: 0.5 <br>SDD: N/A <br>Resistant: ≥ 1,0.12
Candida tropicalis,Anidulafungin,0.06,Sensitive,WT,229,Sensitive: ≤ 0.25 <br>Intermediate: 0.5 <br>SDD: N/A <br>Resistant: ≥ 1,0.12
Candida tropicalis,Anidulafungin,0.12,Sensitive,WT,66,Sensitive: ≤ 0.25 <br>Intermediate: 0.5 <br>SDD: N/A <br>Resistant: ≥ 1,0.12
Candida tropicalis,Anidulafungin,0.25,Sensitive,non-WT,5,Sensitive: ≤ 0.25 <br>Intermediate: 0.5 <br>SDD: N/A <br>Resistant: ≥ 1,0.12
Candida tropicalis,Anidulafungin,1,Resistant,non-WT,4,Sensitive: ≤ 0.25 <br>Intermediate: 0.5 <br>SDD: N/A <br>Resistant: ≥ 1,0.12
Candida tropicalis,Anidulafungin,2,Resistant,non-WT,1,Sensitive: ≤ 0.25 <br>Intermediate: 0.5 <br>SDD: N/A <br>Resistant: ≥ 1,0.12
Candida tropicalis,Caspofungin,0.002,Sensitive,NA,1,Sensitive: ≤ 0.25 <br>Intermediate: 0.5 <br>SDD: N/A <br>Resistant: ≥ 1,NA
Candida tropicalis,Caspofungin,0.004,Sensitive,NA,4,Sensitive: ≤ 0.25 <br>Intermediate: 0.5 <br>SDD: N/A <br>Resistant: ≥ 1,NA
Candida tropicalis,Caspofungin,0.008,Sensitive,NA,89,Sensitive: ≤ 0.25 <br>Intermediate: 0.5 <br>SDD: N/A <br>Resistant: ≥ 1,NA
Candida tropicalis,Caspofungin,0.015,Sensitive,NA,605,Sensitive: ≤ 0.25 <br>Intermediate: 0.5 <br>SDD: N/A <br>Resistant: ≥ 1,NA
Candida tropicalis,Caspofungin,0.03,Sensitive,NA,787,Sensitive: ≤ 0.25 <br>Intermediate: 0.5 <br>SDD: N/A <br>Resistant: ≥ 1,NA
Candida tropicalis,Caspofungin,0.06,Sensitive,NA,213,Sensitive: ≤ 0.25 <br>Intermediate: 0.5 <br>SDD: N/A <br>Resistant: ≥ 1,NA
Candida tropicalis,Caspofungin,0.12,Sensitive,NA,39,Sensitive: ≤ 0.25 <br>Intermediate: 0.5 <br>SDD: N/A <br>Resistant: ≥ 1,NA
Candida tropicalis,Caspofungin,0.25,Sensitive,NA,7,Sensitive: ≤ 0.25 <br>Intermediate: 0.5 <br>SDD: N/A <br>Resistant: ≥ 1,NA
Candida tropicalis,Caspofungin,0.5,Intermediate,NA,1,Sensitive: ≤ 0.25 <br>Intermediate: 0.5 <br>SDD: N/A <br>Resistant: ≥ 1,NA
Candida tropicalis,Caspofungin,1,Resistant,NA,1,Sensitive: ≤ 0.25 <br>Intermediate: 0.5 <br>SDD: N/A <br>Resistant: ≥ 1,NA
Candida tropicalis,Caspofungin,2,Resistant,NA,2,Sensitive: ≤ 0.25 <br>Intermediate: 0.5 <br>SDD: N/A <br>Resistant: ≥ 1,NA
Candida tropicalis,Caspofungin,16,Resistant,NA,1,Sensitive: ≤ 0.25 <br>Intermediate: 0.5 <br>SDD: N/A <br>Resistant: ≥ 1,NA
Candida tropicalis,Fluconazole,0.06,Sensitive,WT,21,Sensitive: ≤ 2 <br>SDD: 4 <br>Resistant: ≥ 8,1
Candida tropicalis,Fluconazole,0.12,Sensitive,WT,326,Sensitive: ≤ 2 <br>SDD: 4 <br>Resistant: ≥ 8,1
Candida tropicalis,Fluconazole,0.25,Sensitive,WT,686,Sensitive: ≤ 2 <br>SDD: 4 <br>Resistant: ≥ 8,1
Candida tropicalis,Fluconazole,0.5,Sensitive,WT,488,Sensitive: ≤ 2 <br>SDD: 4 <br>Resistant: ≥ 8,1
Candida tropicalis,Fluconazole,1,Sensitive,WT,111,Sensitive: ≤ 2 <br>SDD: 4 <br>Resistant: ≥ 8,1
Candida tropicalis,Fluconazole,2,Sensitive,non-WT,40,Sensitive: ≤ 2 <br>SDD: 4 <br>Resistant: ≥ 8,1
Candida tropicalis,Fluconazole,4,SDD,non-WT,19,Sensitive: ≤ 2 <br>SDD: 4 <br>Resistant: ≥ 8,1
Candida tropicalis,Fluconazole,8,Resistant,non-WT,7,Sensitive: ≤ 2 <br>SDD: 4 <br>Resistant: ≥ 8,1
Candida tropicalis,Fluconazole,16,Resistant,non-WT,10,Sensitive: ≤ 2 <br>SDD: 4 <br>Resistant: ≥ 8,1
Candida tropicalis,Fluconazole,32,Resistant,non-WT,13,Sensitive: ≤ 2 <br>SDD: 4 <br>Resistant: ≥ 8,1
Candida tropicalis,Fluconazole,64,Resistant,non-WT,18,Sensitive: ≤ 2 <br>SDD: 4 <br>Resistant: ≥ 8,1
Candida tropicalis,Fluconazole,128,Resistant,non-WT,5,Sensitive: ≤ 2 <br>SDD: 4 <br>Resistant: ≥ 8,1
Candida tropicalis,Fluconazole,256,Resistant,non-WT,6,Sensitive: ≤ 2 <br>SDD: 4 <br>Resistant: ≥ 8,1
Candida tropicalis,Itraconazole,0.008,NA,WT,2,NA,0.5
Candida tropicalis,Itraconazole,0.015,NA,WT,20,NA,0.5
Candida tropicalis,Itraconazole,0.03,NA,WT,168,NA,0.5
Candida tropicalis,Itraconazole,0.06,NA,WT,487,NA,0.5
Candida tropicalis,Itraconazole,0.12,NA,WT,425,NA,0.5
Candida tropicalis,Itraconazole,0.25,NA,WT,187,NA,0.5
Candida tropicalis,Itraconazole,0.5,NA,WT,73,NA,0.5
Candida tropicalis,Itraconazole,1,NA,non-WT,18,NA,0.5
Candida tropicalis,Itraconazole,2,NA,non-WT,1,NA,0.5
Candida tropicalis,Itraconazole,16,NA,non-WT,2,NA,0.5
Candida tropicalis,Itraconazole,NA,NA,NA,367,NA,0.5
Candida tropicalis,Micafungin,0.004,Sensitive,WT,2,Sensitive: ≤ 0.25 <br>Intermediate: 0.5 <br>SDD: N/A <br>Resistant: ≥ 1,0.06
Candida tropicalis,Micafungin,0.008,Sensitive,WT,96,Sensitive: ≤ 0.25 <br>Intermediate: 0.5 <br>SDD: N/A <br>Resistant: ≥ 1,0.06
Candida tropicalis,Micafungin,0.015,Sensitive,WT,567,Sensitive: ≤ 0.25 <br>Intermediate: 0.5 <br>SDD: N/A <br>Resistant: ≥ 1,0.06
Candida tropicalis,Micafungin,0.03,Sensitive,WT,810,Sensitive: ≤ 0.25 <br>Intermediate: 0.5 <br>SDD: N/A <br>Resistant: ≥ 1,0.06
Candida tropicalis,Micafungin,0.06,Sensitive,WT,249,Sensitive: ≤ 0.25 <br>Intermediate: 0.5 <br>SDD: N/A <br>Resistant: ≥ 1,0.06
Candida tropicalis,Micafungin,0.12,Sensitive,non-WT,19,Sensitive: ≤ 0.25 <br>Intermediate: 0.5 <br>SDD: N/A <br>Resistant: ≥ 1,0.06
Candida tropicalis,Micafungin,0.25,Sensitive,non-WT,2,Sensitive: ≤ 0.25 <br>Intermediate: 0.5 <br>SDD: N/A <br>Resistant: ≥ 1,0.06
Candida tropicalis,Micafungin,0.5,Intermediate,non-WT,2,Sensitive: ≤ 0.25 <br>Intermediate: 0.5 <br>SDD: N/A <br>Resistant: ≥ 1,0.06
Candida tropicalis,Micafungin,1,Resistant,non-WT,2,Sensitive: ≤ 0.25 <br>Intermediate: 0.5 <br>SDD: N/A <br>Resistant: ≥ 1,0.06
Candida tropicalis,Micafungin,2,Resistant,non-WT,1,Sensitive: ≤ 0.25 <br>Intermediate: 0.5 <br>SDD: N/A <br>Resistant: ≥ 1,0.06
Candida tropicalis,Posaconazole,0.008,NA,WT,5,NA,0.12
Candida tropicalis,Posaconazole,0.015,NA,WT,110,NA,0.12
Candida tropicalis,Posaconazole,0.03,NA,WT,595,NA,0.12
Candida tropicalis,Posaconazole,0.06,NA,WT,649,NA,0.12
Candida tropicalis,Posaconazole,0.12,NA,WT,281,NA,0.12
Candida tropicalis,Posaconazole,0.25,NA,non-WT,82,NA,0.12
Candida tropicalis,Posaconazole,0.5,NA,non-WT,23,NA,0.12
Candida tropicalis,Posaconazole,1,NA,non-WT,3,NA,0.12
Candida tropicalis,Posaconazole,16,NA,non-WT,2,NA,0.12
Candida tropicalis,Voriconazole,0.004,Sensitive,WT,3,Sensitive: ≤ 0.12 <br>Intermediate: 0.25-0.5 <br>SDD: N/A <br>Resistant: ≥ 1,0.12
Candida tropicalis,Voriconazole,0.008,Sensitive,WT,252,Sensitive: ≤ 0.12 <br>Intermediate: 0.25-0.5 <br>SDD: N/A <br>Resistant: ≥ 1,0.12
Candida tropicalis,Voriconazole,0.015,Sensitive,WT,645,Sensitive: ≤ 0.12 <br>Intermediate: 0.25-0.5 <br>SDD: N/A <br>Resistant: ≥ 1,0.12
Candida tropicalis,Voriconazole,0.03,Sensitive,WT,572,Sensitive: ≤ 0.12 <br>Intermediate: 0.25-0.5 <br>SDD: N/A <br>Resistant: ≥ 1,0.12
Candida tropicalis,Voriconazole,0.06,Sensitive,WT,160,Sensitive: ≤ 0.12 <br>Intermediate: 0.25-0.5 <br>SDD: N/A <br>Resistant: ≥ 1,0.12
Candida tropicalis,Voriconazole,0.12,Sensitive,WT,45,Sensitive: ≤ 0.12 <br>Intermediate: 0.25-0.5 <br>SDD: N/A <br>Resistant: ≥ 1,0.12
Candida tropicalis,Voriconazole,0.25,NA,non-WT,23,Sensitive: ≤ 0.12 <br>Intermediate: 0.25-0.5 <br>SDD: N/A <br>Resistant: ≥ 1,0.12
Candida tropicalis,Voriconazole,0.5,Intermediate,non-WT,6,Sensitive: ≤ 0.12 <br>Intermediate: 0.25-0.5 <br>SDD: N/A <br>Resistant: ≥ 1,0.12
Candida tropicalis,Voriconazole,1,Resistant,non-WT,12,Sensitive: ≤ 0.12 <br>Intermediate: 0.25-0.5 <br>SDD: N/A <br>Resistant: ≥ 1,0.12
Candida tropicalis,Voriconazole,2,Resistant,non-WT,17,Sensitive: ≤ 0.12 <br>Intermediate: 0.25-0.5 <br>SDD: N/A <br>Resistant: ≥ 1,0.12
Candida tropicalis,Voriconazole,4,Resistant,non-WT,8,Sensitive: ≤ 0.12 <br>Intermediate: 0.25-0.5 <br>SDD: N/A <br>Resistant: ≥ 1,0.12
Candida tropicalis,Voriconazole,8,Resistant,non-WT,3,Sensitive: ≤ 0.12 <br>Intermediate: 0.25-0.5 <br>SDD: N/A <br>Resistant: ≥ 1,0.12
Candida tropicalis,Voriconazole,16,Resistant,non-WT,4,Sensitive: ≤ 0.12 <br>Intermediate: 0.25-0.5 <br>SDD: N/A <br>Resistant: ≥ 1,0.12
Cryptococcus gattii species complex,Amphotericin B,0.25,NA,WT,1,NA,0.5
Cryptococcus gattii species complex,Amphotericin B,0.5,NA,WT,7,NA,0.5
Cryptococcus gattii species complex,Amphotericin B,1,NA,non-WT,8,NA,0.5
Cryptococcus gattii species complex,Fluconazole,0.25,NA,WT,1,NA,16
Cryptococcus gattii species complex,Fluconazole,1,NA,WT,1,NA,16
Cryptococcus gattii species complex,Fluconazole,2,NA,WT,4,NA,16
Cryptococcus gattii species complex,Fluconazole,4,NA,WT,8,NA,16
Cryptococcus gattii species complex,Fluconazole,8,NA,WT,2,NA,16
Cryptococcus gattii species complex,Flucytosine,1,NA,WT,2,NA,4
Cryptococcus gattii species complex,Flucytosine,2,NA,WT,2,NA,4
Cryptococcus gattii species complex,Flucytosine,8,NA,non-WT,1,NA,4
Cryptococcus gattii species complex,Flucytosine,NA,NA,NA,11,NA,4
Cryptococcus gattii species complex,Itraconazole,0.25,NA,WT,8,NA,0.5
Cryptococcus gattii species complex,Itraconazole,0.5,NA,WT,3,NA,0.5
Cryptococcus gattii species complex,Itraconazole,1,NA,non-WT,1,NA,0.5
Cryptococcus gattii species complex,Itraconazole,NA,NA,NA,4,NA,0.5
Cryptococcus gattii species complex,Voriconazole,0.008,NA,WT,1,NA,0.5
Cryptococcus gattii species complex,Voriconazole,0.015,NA,WT,1,NA,0.5
Cryptococcus gattii species complex,Voriconazole,0.03,NA,WT,3,NA,0.5
Cryptococcus gattii species complex,Voriconazole,0.06,NA,WT,6,NA,0.5
Cryptococcus gattii species complex,Voriconazole,0.12,NA,WT,5,NA,0.5
Cryptococcus neoformans,Amphotericin B,0.12,NA,WT,2,NA,0.5
Cryptococcus neoformans,Amphotericin B,0.25,NA,WT,22,NA,0.5
Cryptococcus neoformans,Amphotericin B,0.5,NA,WT,196,NA,0.5
Cryptococcus neoformans,Amphotericin B,1,NA,non-WT,271,NA,0.5
Cryptococcus neoformans,Amphotericin B,2,NA,non-WT,4,NA,0.5
Cryptococcus neoformans,Amphotericin B,NA,NA,NA,2,NA,0.5
Cryptococcus neoformans,Fluconazole,0.25,NA,WT,2,NA,8
Cryptococcus neoformans,Fluconazole,0.5,NA,WT,15,NA,8
Cryptococcus neoformans,Fluconazole,1,NA,WT,75,NA,8
Cryptococcus neoformans,Fluconazole,2,NA,WT,185,NA,8
Cryptococcus neoformans,Fluconazole,4,NA,WT,178,NA,8
Cryptococcus neoformans,Fluconazole,8,NA,WT,39,NA,8
Cryptococcus neoformans,Fluconazole,16,NA,non-WT,3,NA,8
Cryptococcus neoformans,Flucytosine,0.5,NA,WT,6,NA,8
Cryptococcus neoformans,Flucytosine,1,NA,WT,11,NA,8
Cryptococcus neoformans,Flucytosine,2,NA,WT,40,NA,8
Cryptococcus neoformans,Flucytosine,4,NA,WT,97,NA,8
Cryptococcus neoformans,Flucytosine,8,NA,WT,51,NA,8
Cryptococcus neoformans,Flucytosine,16,NA,non-WT,11,NA,8
Cryptococcus neoformans,Flucytosine,64,NA,non-WT,2,NA,8
Cryptococcus neoformans,Flucytosine,NA,NA,NA,279,NA,8
Cryptococcus neoformans,Itraconazole,0.015,NA,WT,4,NA,0.25
Cryptococcus neoformans,Itraconazole,0.03,NA,WT,29,NA,0.25
Cryptococcus neoformans,Itraconazole,0.06,NA,WT,74,NA,0.25
Cryptococcus neoformans,Itraconazole,0.12,NA,WT,108,NA,0.25
Cryptococcus neoformans,Itraconazole,0.25,NA,WT,127,NA,0.25
Cryptococcus neoformans,Itraconazole,0.5,NA,non-WT,19,NA,0.25
Cryptococcus neoformans,Itraconazole,1,NA,non-WT,2,NA,0.25
Cryptococcus neoformans,Itraconazole,NA,NA,NA,134,NA,0.25
Cryptococcus neoformans,Posaconazole,0.015,NA,WT,5,NA,0.25
Cryptococcus neoformans,Posaconazole,0.03,NA,WT,25,NA,0.25
Cryptococcus neoformans,Posaconazole,0.06,NA,WT,96,NA,0.25
Cryptococcus neoformans,Posaconazole,0.12,NA,WT,217,NA,0.25
Cryptococcus neoformans,Posaconazole,0.25,NA,WT,131,NA,0.25
Cryptococcus neoformans,Posaconazole,0.5,NA,non-WT,21,NA,0.25
Cryptococcus neoformans,Posaconazole,1,NA,non-WT,2,NA,0.25
Cryptococcus neoformans,Voriconazole,0.008,NA,WT,11,NA,0.25
Cryptococcus neoformans,Voriconazole,0.015,NA,WT,71,NA,0.25
Cryptococcus neoformans,Voriconazole,0.03,NA,WT,218,NA,0.25
Cryptococcus neoformans,Voriconazole,0.06,NA,WT,160,NA,0.25
Cryptococcus neoformans,Voriconazole,0.12,NA,WT,30,NA,0.25
Cryptococcus neoformans,Voriconazole,0.25,NA,WT,5,NA,0.25
Cryptococcus neoformans,Voriconazole,0.5,NA,non-WT,1,NA,0.25
Cryptococcus neoformans,Voriconazole,1,NA,non-WT,1,NA,0.25
Rhodotorula mucilaginosa,Amphotericin B,0.25,NA,WT,3,NA,2
Rhodotorula mucilaginosa,Amphotericin B,0.5,NA,WT,17,NA,2
Rhodotorula mucilaginosa,Amphotericin B,1,NA,WT,19,NA,2
Rhodotorula mucilaginosa,Amphotericin B,2,NA,WT,2,NA,2
Rhodotorula mucilaginosa,Itraconazole,0.5,NA,WT,6,NA,4
Rhodotorula mucilaginosa,Itraconazole,1,NA,WT,11,NA,4
Rhodotorula mucilaginosa,Itraconazole,2,NA,WT,8,NA,4
Rhodotorula mucilaginosa,Itraconazole,4,NA,WT,1,NA,4
Rhodotorula mucilaginosa,Itraconazole,8,NA,non-WT,2,NA,4
Rhodotorula mucilaginosa,Itraconazole,16,NA,non-WT,1,NA,4
Rhodotorula mucilaginosa,Itraconazole,NA,NA,NA,12,NA,4
Rhodotorula mucilaginosa,Posaconazole,0.5,NA,WT,9,NA,4
Rhodotorula mucilaginosa,Posaconazole,1,NA,WT,17,NA,4
Rhodotorula mucilaginosa,Posaconazole,2,NA,WT,10,NA,4
Rhodotorula mucilaginosa,Posaconazole,4,NA,WT,1,NA,4
Rhodotorula mucilaginosa,Posaconazole,8,NA,non-WT,2,NA,4
Rhodotorula mucilaginosa,Posaconazole,16,NA,non-WT,1,NA,4
Rhodotorula mucilaginosa,Posaconazole,NA,NA,NA,1,NA,4
Rhodotorula mucilaginosa,Voriconazole,0.03,NA,WT,1,NA,16
Rhodotorula mucilaginosa,Voriconazole,0.12,NA,WT,3,NA,16
Rhodotorula mucilaginosa,Voriconazole,0.25,NA,WT,1,NA,16
Rhodotorula mucilaginosa,Voriconazole,0.5,NA,WT,8,NA,16
Rhodotorula mucilaginosa,Voriconazole,1,NA,WT,8,NA,16
Rhodotorula mucilaginosa,Voriconazole,2,NA,WT,8,NA,16
Rhodotorula mucilaginosa,Voriconazole,4,NA,WT,10,NA,16
Rhodotorula mucilaginosa,Voriconazole,8,NA,WT,2,NA,16
Saccharomyces cerevisiae,Amphotericin B,0.25,NA,WT,4,NA,2
Saccharomyces cerevisiae,Amphotericin B,0.5,NA,WT,27,NA,2
Saccharomyces cerevisiae,Amphotericin B,1,NA,WT,40,NA,2
Saccharomyces cerevisiae,Amphotericin B,2,NA,WT,1,NA,2
Saccharomyces cerevisiae,Anidulafungin,0.03,NA,WT,5,NA,1
Saccharomyces cerevisiae,Anidulafungin,0.06,NA,WT,11,NA,1
Saccharomyces cerevisiae,Anidulafungin,0.12,NA,WT,22,NA,1
Saccharomyces cerevisiae,Anidulafungin,0.25,NA,WT,20,NA,1
Saccharomyces cerevisiae,Anidulafungin,0.5,NA,WT,8,NA,1
Saccharomyces cerevisiae,Anidulafungin,1,NA,WT,6,NA,1
Saccharomyces cerevisiae,Caspofungin,0.03,NA,WT,4,NA,2
Saccharomyces cerevisiae,Caspofungin,0.06,NA,WT,12,NA,2
Saccharomyces cerevisiae,Caspofungin,0.12,NA,WT,23,NA,2
Saccharomyces cerevisiae,Caspofungin,0.25,NA,WT,27,NA,2
Saccharomyces cerevisiae,Caspofungin,0.5,NA,WT,6,NA,2
Saccharomyces cerevisiae,Fluconazole,0.5,NA,WT,5,NA,32
Saccharomyces cerevisiae,Fluconazole,1,NA,WT,17,NA,32
Saccharomyces cerevisiae,Fluconazole,2,NA,WT,19,NA,32
Saccharomyces cerevisiae,Fluconazole,4,NA,WT,15,NA,32
Saccharomyces cerevisiae,Fluconazole,8,NA,WT,11,NA,32
Saccharomyces cerevisiae,Fluconazole,16,NA,WT,4,NA,32
Saccharomyces cerevisiae,Fluconazole,32,NA,WT,1,NA,32
Saccharomyces cerevisiae,Itraconazole,0.12,NA,WT,7,NA,2
Saccharomyces cerevisiae,Itraconazole,0.25,NA,WT,11,NA,2
Saccharomyces cerevisiae,Itraconazole,0.5,NA,WT,14,NA,2
Saccharomyces cerevisiae,Itraconazole,1,NA,WT,10,NA,2
Saccharomyces cerevisiae,Itraconazole,2,NA,WT,3,NA,2
Saccharomyces cerevisiae,Itraconazole,NA,NA,NA,27,NA,2
Saccharomyces cerevisiae,Micafungin,0.06,NA,WT,6,NA,0.5
Saccharomyces cerevisiae,Micafungin,0.12,NA,WT,42,NA,0.5
Saccharomyces cerevisiae,Micafungin,0.25,NA,WT,20,NA,0.5
Saccharomyces cerevisiae,Micafungin,0.5,NA,WT,4,NA,0.5
Saccharomyces cerevisiae,Posaconazole,0.12,NA,WT,10,NA,2
Saccharomyces cerevisiae,Posaconazole,0.25,NA,WT,23,NA,2
Saccharomyces cerevisiae,Posaconazole,0.5,NA,WT,23,NA,2
Saccharomyces cerevisiae,Posaconazole,1,NA,WT,15,NA,2
Saccharomyces cerevisiae,Posaconazole,2,NA,WT,1,NA,2
Saccharomyces cerevisiae,Voriconazole,0.008,NA,WT,1,NA,0.5
Saccharomyces cerevisiae,Voriconazole,0.015,NA,WT,5,NA,0.5
Saccharomyces cerevisiae,Voriconazole,0.03,NA,WT,20,NA,0.5
Saccharomyces cerevisiae,Voriconazole,0.06,NA,WT,23,NA,0.5
Saccharomyces cerevisiae,Voriconazole,0.12,NA,WT,15,NA,0.5
Saccharomyces cerevisiae,Voriconazole,0.25,NA,WT,7,NA,0.5
Saccharomyces cerevisiae,Voriconazole,0.5,NA,WT,1,NA,0.5
Trichosporon asahii,Amphotericin B,0.5,NA,WT,7,NA,1
Trichosporon asahii,Amphotericin B,1,NA,WT,65,NA,1
Trichosporon asahii,Amphotericin B,2,NA,non-WT,6,NA,1
Trichosporon asahii,Fluconazole,0.5,NA,WT,2,NA,8
Trichosporon asahii,Fluconazole,1,NA,WT,3,NA,8
Trichosporon asahii,Fluconazole,2,NA,WT,22,NA,8
Trichosporon asahii,Fluconazole,4,NA,WT,25,NA,8
Trichosporon asahii,Fluconazole,8,NA,WT,7,NA,8
Trichosporon asahii,Fluconazole,16,NA,non-WT,7,NA,8
Trichosporon asahii,Fluconazole,64,NA,non-WT,6,NA,8
Trichosporon asahii,Fluconazole,128,NA,non-WT,5,NA,8
Trichosporon asahii,Fluconazole,256,NA,non-WT,1,NA,8
Trichosporon asahii,Itraconazole,0.03,NA,WT,1,NA,1
Trichosporon asahii,Itraconazole,0.06,NA,WT,1,NA,1
Trichosporon asahii,Itraconazole,0.12,NA,WT,2,NA,1
Trichosporon asahii,Itraconazole,0.25,NA,WT,15,NA,1
Trichosporon asahii,Itraconazole,0.5,NA,WT,25,NA,1
Trichosporon asahii,Itraconazole,1,NA,WT,11,NA,1
Trichosporon asahii,Itraconazole,2,NA,non-WT,6,NA,1
Trichosporon asahii,Itraconazole,8,NA,non-WT,2,NA,1
Trichosporon asahii,Itraconazole,NA,NA,NA,15,NA,1
Trichosporon asahii,Posaconazole,0.06,NA,WT,3,NA,1
Trichosporon asahii,Posaconazole,0.12,NA,WT,8,NA,1
Trichosporon asahii,Posaconazole,0.25,NA,WT,28,NA,1
Trichosporon asahii,Posaconazole,0.5,NA,WT,24,NA,1
Trichosporon asahii,Posaconazole,1,NA,WT,12,NA,1
Trichosporon asahii,Posaconazole,2,NA,non-WT,3,NA,1
